DocumentID,Grammar_Errors,Sentences_Scored,Word_Sentence_Score
419223,0.08259648384047243,-17.721099533410886,-1.4283933429709776
1616247,0.14115503858639994,-15.30892433256792,-1.3741796856579291
2794620,0.09088302654682932,-24.833661440826386,-1.466908454102449
8122183,0.1617340670100954,-11.609528728261068,-1.4851997925628246
9930555,0.11421435063516963,-18.669021128066092,-1.3887264435743458
14308610,0.05370790811898598,-24.628489540267797,-1.422728198696542
14549805,0.07563695872214656,-11.647852099916424,-1.2814021818156054
14569235,0.13000013338077424,-11.386192588362125,-1.4245004259368197
14911504,0.16619379033929774,-26.562266840820737,-1.467906584894272
15332849,0.12295825033167594,-14.027322492327716,-1.6596920167382823
16107975,0.15959680610991017,-14.55522872263162,-1.3448963192190964
18808083,0.22780582103036545,-17.32348564424088,-1.5255833670025436
18999664,0.10497665760423673,-18.05761002691003,-1.4493278301674313
20761861,0.025395012287051814,-19.061339811513783,-1.598360834145134
22935468,0.300874107646023,-10.999998252185705,-1.3062160870220212
25864234,0.37084220085116165,-11.298512316845835,-1.9359655365212576
27273333,0.3535053290943764,-12.002973967903081,-1.5427574893618416
27503526,0.08026315789473684,-34.34968061181381,-1.5777870720441831
27937908,0.09800698859317414,-15.518606843539843,-1.3765506139393253
28742711,0.1567172725590587,-22.36187806361049,-1.4982991607814018
28965297,0.04980549517781327,-19.487566559153493,-1.444705743516543
30059044,0.24947749360062468,-18.327221187091148,-1.5417199068662184
31546122,0.08452470488431096,-12.230622813135643,-1.5246769469166046
33902739,0.039377066234949146,-15.482850755502568,-1.6010626712736415
34927276,0.07080166008779284,-12.839782120990941,-1.3539625481832955
36951048,0.14648316512997817,-12.795611533842607,-1.664232581262827
44664796,0.18176978656514273,-21.41885256367172,-1.4860368182871213
44736472,0.11006193187324535,-16.046944021387258,-1.5135845079281314
45875635,0.21852311160953045,-17.55917843872537,-1.2768789870373496
52982300,0.2959117433024411,-13.423241916991316,-1.687102089641885
54755900,0.10877302520880883,-17.319022799194055,-1.5586928709150403
57757759,0.24758766564456072,-20.19886091889546,-1.4052559839896457
58299052,0.1515661329134555,-16.484012962757237,-1.5765961154553059
59321809,0.11326798865881255,-17.81067637240455,-1.4449112161079694
61166675,0.09043595104462375,-18.14951588724847,-1.6161272175331334
66454920,0.06122156292059343,-16.059780742938067,-1.4801337432954154
68444308,0.0718593996000406,-13.776126071415455,-1.2986048465256936
70189792,0.1028616519099375,-19.48476334040331,-1.3729078069155107
70931232,0.12740401450268332,-18.062531542208337,-1.3795504694380065
71009956,0.13109653942197766,-16.610048221787963,-1.492823815666825
71687752,0.10792684597654546,-18.008226300192064,-1.3165948467920954
72017265,0.04856897068985988,-20.54294058410273,-1.3398490505995984
74265446,0.13550589600600496,-13.514377070905214,-1.3333697369788968
75374500,0.10930048649317776,-17.58509966452961,-1.393326240571923
76428052,0.07987003506557294,-2.3823194504494003,-1.1783950701822175
77366057,0.23076172410222748,-22.97966637188619,-1.3902536570462596
78358486,0.1051760583137813,-8.367540009813153,-1.295309455359253
79755422,0.11595751767785772,-21.821150781592312,-1.3714861682507293
80920360,0.09756692917788756,-26.516777920603765,-1.2727697362727084
84229747,0.22834146389262847,-26.542916071066443,-1.5666333560737074
85918014,0.13164074313599958,-30.636386355024907,-1.4607736535759708
86940561,0.015648566396471185,-18.73402555640145,-1.6332583293395844
87135857,0.15926249973722037,-19.027300155486934,-1.4399823486862977
90571315,0.05339531237991557,-18.565653878972014,-1.5629888531896232
91361074,0.08730778346023182,-24.76480759146569,-1.4184133856462842
95148742,0.1588069262334478,-25.18073338324772,-1.424083770496591
95754219,0.1436965733573402,-15.86431750674149,-1.4452682302185296
97732062,0.08151581981561036,-18.84789160680157,-1.4949535041967024
98231470,0.11835746447625574,-21.53640111164234,-1.3465136286240837
99446425,0.1007825605138277,-22.60062344141337,-1.4428892848274955
100863451,0.08893185091043332,-13.474842630946675,-1.5136586392915885
101570912,0.0953299908093781,-10.861972044763014,-1.3907721124109411
102597798,0.04412493605727309,-16.129823062757396,-1.3944880371453312
103360861,0.097512359357102,-11.652125132937048,-1.6304441472821443
105379338,0.34291545941899015,-22.574543780723463,-1.3593487816199057
105477927,0.09271514894706935,-11.02081420658308,-1.5865421984015409
107034512,0.11860516794635621,-19.256132982407877,-1.497563389750696
109434204,0.13089639886670773,-19.76512924357589,-1.4757556690367604
112124868,0.20017902425371123,-17.58109554150362,-1.437816369495114
112519364,0.08956575345016593,-12.709671690718256,-1.5459360151014692
114579938,0.12903750962739077,-19.099111652343296,-1.6263381159111425
115623390,0.18727323229517515,-17.80200895145303,-1.368519894766841
117786961,0.1987035615787885,-18.57676154097997,-1.425765316048443
117789302,0.13951729020872497,-19.33470306973427,-1.4975720973560422
118433368,0.16333023661328974,-19.041340029168026,-1.4522415996501739
119469000,0.29428465637311485,-23.235970063617337,-1.4828045912211891
119894042,0.11704804595569288,-14.922016338112655,-1.3289378532374152
121439658,0.0,-23.822492333440806,-1.4779048112347346
124084444,0.08451350732176853,-18.95802278994471,-1.321508304105147
124649352,0.1508991688560295,-20.613144143717516,-1.3799013943720053
126023501,0.23596556307302974,-30.962116348884372,-1.5958212190020555
128033608,0.0,-7.974656400503392,-2.1172722125925403
128976815,0.08279773515534422,-16.08376469165232,-1.4773708026372718
129228272,0.09537126033595882,-22.298189418341988,-1.5740629416905618
134624161,0.10759662883857424,-14.342181785038996,-1.613706135114049
134903317,0.09395871883318722,-23.908507429844846,-1.4514723384006654
137768382,0.16861344471299172,-18.63598740139435,-1.3025275204960916
137892407,0.22843693670610185,-18.626682753699356,-1.5107957140189845
139258588,0.03448893709579859,-18.052054056255024,-1.3552409562951053
139573712,0.1335873075186003,-16.698531126625074,-1.3463902636558365
145331168,0.29906080118997913,-18.208057496645544,-1.3432882912768664
147730904,0.09419843612571902,-19.03786901427142,-1.4046229250820124
149451473,0.08508207665854942,-21.044229701199047,-1.3896835861655317
149794741,0.10163883507133054,-14.252689028954507,-1.433990349879678
150051222,0.29075734258281466,-25.127566112822965,-1.8160111227591806
153526280,0.1479509824233967,-25.06562750942419,-1.4251283652876303
154116897,0.05356496005893357,-19.21219506336049,-1.3394666208942667
155384546,0.16539388262623844,-18.78343013995648,-1.4169534397286498
158210254,0.20607817152781693,-13.577849714928862,-1.5730679586835186
159105748,0.1222731171876933,-17.21400700309217,-1.389447329020904
161092433,0.15705874481759763,-11.771884196288003,-1.3670722147670669
163926277,0.16120861730295588,-21.818259956644148,-1.4203374571320886
164335692,0.13341227869513314,-19.24329206638726,-1.4649873565147584
165209145,0.12741814290982906,-14.98561032185835,-1.4236140078122763
165809739,0.12872989535339485,-24.29721208713267,-1.49076751626434
166046482,0.08758441486875795,-14.164070957527152,-1.2663170383485463
166718771,0.08168982514225986,-19.45044824683287,-1.3661876402414879
167299722,0.08765781594038549,-13.286392015301296,-1.5259615750240918
167987557,0.08659930833828364,-19.477674926653354,-1.408013718167747
168066698,0.10087863184576049,-20.224981592637228,-1.3969885402727618
169161646,0.11079189610051499,-14.900332623004326,-1.4520920511782724
169740286,0.17195780864693452,-19.07868649175932,-1.3923102326574721
171596606,0.1014614528749733,-25.883551658229184,-1.5361784470649391
173546502,0.21498152913609977,-8.484945091211664,-1.7726140734224145
174288126,0.08922051413352432,-15.165791247282321,-1.5195990050498784
177079682,0.19516009918721317,-18.319514620938598,-1.5245724043743696
180099235,0.1492415798983779,-20.642768320196083,-1.5027479138464765
182072441,0.18989745224413332,-18.162738853485816,-1.4493990000246098
183975487,0.10765783183142513,-17.171867075785073,-1.4871021358650083
184094720,0.20695127911066027,-35.1734630315115,-1.495942260362104
184403383,0.06578309179087619,-19.777801414351792,-1.4704715052742408
187022023,0.1054087692863317,-33.82711944188249,-1.6805595572030831
187686431,0.11364227425942847,-12.31868594676205,-1.4027702486244724
188064977,0.17786766904082968,-20.44686183752469,-1.4167297304204989
190344422,0.1268423966658872,-16.175726421198927,-1.4303033122670912
191201477,0.0428778638684726,-15.861244919422866,-1.5633757176710674
194669983,0.08557767117678153,-14.364872093787394,-1.3426805026371007
195871622,0.0,-10.834936572308818,-1.3127742644936073
197179015,0.08761704434442849,-16.523546587301176,-1.384724338710075
198968217,0.1997719575304825,-23.447849608438716,-1.404732244510121
200308860,0.20341610252441794,-13.33106595592524,-1.511182845148111
201209666,0.10221695576922223,-17.22466262179004,-1.368715914191341
202071222,0.2518587615674683,-16.85805094964523,-1.6165565520797185
202228752,0.05977392478640113,-20.86765627388506,-1.3603043784398865
206316107,0.03165995290866693,-14.307608216235327,-1.3936759855607883
210458363,0.5476183777505057,-37.013775555851105,-1.401382438214502
211720927,0.11344148511011734,-19.232441356143603,-1.4249615476353277
221301713,0.14620933258353586,-16.33272728732015,-1.2699970127801714
221700009,0.12541523872941263,-20.266802917780563,-1.4876159544214889
222010673,0.165079392989148,-18.551580609891722,-1.4203821299975383
223766346,0.1073939625506307,-24.512527039201828,-1.4427520534537304
225197978,0.16583765261314165,-16.079782179737048,-1.3792942267729926
225877652,0.19769303890950504,-21.437732980139465,-1.4579650173999428
226135664,0.22940770402536867,-19.885055630237467,-1.5929277774662634
231015003,0.1522930923364825,-20.22044385141904,-1.458976533776169
231178059,0.1398756290443131,-11.51201860692993,-1.5022820563136812
237122921,0.20995926484328042,-18.46954822960477,-1.5354118379123105
238331131,0.21176124259192328,-21.119987103847595,-1.441072457204272
238644841,0.1842440775241238,-15.248588843094932,-1.5652872028380485
242054124,0.096343705765636,-16.01899412673634,-1.4267627733333967
243864904,0.08613343867743117,-18.525809425143407,-1.411082432827522
244220358,0.06710967085473203,-15.958585111762908,-1.4609569659786494
249271167,0.2135994177047553,-11.483642786835208,-1.4847801678454775
252211778,0.10088585861441215,-14.67350676599833,-1.532823346781074
252823963,0.15999606213247858,-19.791229812782813,-1.4701119675164982
255478760,0.15244357802231256,-16.35823318821661,-1.4185233973762594
255620824,0.0686216450649323,-13.734886184123393,-1.3683989564597814
255838839,0.17046666408511804,-17.843558521501464,-1.4474153298758052
256828535,0.13951810341980714,-16.200976427651533,-1.2808469009024985
258003957,0.13641639413276085,-12.824577655073778,-1.5322291228688343
259934821,0.14886249137507837,-16.76555734355536,-1.3885323788253812
260399661,0.19051705649102027,-22.410209139855038,-1.4709799437713604
262027664,0.3221847399925656,-18.482374152050703,-1.5809190095793095
264486068,0.04659114999944189,-7.876174760767035,-1.5536829160203127
265421534,0.3037422241234279,-17.396057008384577,-1.414717962435025
265503503,0.16049095359415083,-18.43457496577249,-1.3607157204877343
268680184,0.10150287124756815,-18.8360369071838,-1.3431873114336612
270751638,0.11872062771269601,-15.31821368415974,-1.4128067206690094
270935480,0.03631014298397015,-18.195611568089813,-1.4472909370710565
272273540,0.14639187967701794,-19.087627678384145,-1.5342961654409693
276031420,0.18291460022898412,-15.496323163151008,-1.5030424656932726
276194487,0.1508428586848208,-13.96047993252548,-1.5483374037270516
276293969,0.031312232636266805,-8.866281874108768,-1.3510618224638118
276732915,0.06512250078653635,-15.396524715010504,-1.261487224008363
278588898,0.15520217644745135,-14.104615781583274,-1.4326130638871186
282637039,0.12413178270788999,-19.58116671875258,-1.4680161664764777
283822315,0.10387107097075245,-13.019750788136019,-1.3603757746328253
286005984,0.14500833438719557,-19.226475202608768,-1.417937125362875
287682356,0.09549207421083555,-10.915393581193996,-1.7104683220967074
289160211,0.12791924131987048,-11.011220477453723,-1.6042291858058568
289889895,0.10198048525364843,-19.49662921300841,-1.5044092490873666
294633581,0.08601690153607926,-14.382082194068964,-1.4313570168408438
296071933,0.10222183621099801,-22.917367020918345,-1.4168773641810724
296139704,0.11822976328837792,-12.112290589631783,-1.6393889307456064
296599506,0.13683913333639297,-18.344191706569095,-1.6200464960905543
299292311,0.19913693309997713,-14.069573052698056,-1.4399470551227378
301256031,0.1058634866729371,-24.351769143004745,-1.417760451404526
305078254,0.19486026223843306,-14.897702324224237,-1.5107787794775465
307242449,0.1672217300130124,-21.87501583636462,-1.59537005474272
310781283,0.06182584139439394,-14.033316239933942,-1.322139665362132
313308059,0.10912895120531049,-18.63402618094169,-1.38251645775189
313647431,0.208020115833829,-26.29363554871376,-1.5764803082110022
314045355,0.055755913191072516,-20.381852510731953,-1.3905528287486544
318244564,0.22556815549329612,-11.703510766617676,-1.4468916089246728
320838271,0.0850212302712263,-14.690643860721913,-1.4250988162163385
321944453,0.05604982208597638,-15.334517246447014,-1.355137090896442
322889834,0.15386614688799316,-20.689606386664455,-1.5013389450453722
326193807,0.13238730970556742,-14.138721835868221,-1.4332902460421064
335339823,0.09590542030826368,-22.003905356105363,-1.5314987614134372
335390912,0.13065549030936519,-20.523109133750328,-1.4814492111734885
337004493,0.1002227832059266,-21.141117442513004,-1.3670951455889073
337318731,0.08104717812804652,-12.494181484403441,-1.3584760171534833
338653941,0.11657271916429028,-18.330038973872654,-1.5613423576194707
339078677,0.09770040555584256,-20.569181735074512,-1.4087576319724944
339508629,0.14240135006809845,-19.537709945208857,-1.3642550196400438
341785614,0.13910250336052213,-21.074140135596743,-1.452466164580956
343333402,0.13500093122384654,-15.17711414959869,-1.3345623122375176
343934672,0.22504089356558388,-20.328115640739096,-1.4199424287141558
345050730,0.034692979691062165,-18.357083760228626,-1.4335497111328352
346927392,0.07875368545040663,-18.996846581666674,-1.5276373255047937
351079663,0.15329423782697105,-14.18523469809535,-1.51865139060049
351784069,0.08523995994373433,-15.594568380161185,-1.4287959759522446
354664254,0.20370099002914338,-16.604148311863483,-1.3513189683329074
355845728,0.13233737394844078,-13.61594822306374,-1.4630053717343157
356819195,0.16403036835397322,-13.830834116915604,-1.3539391047045921
357814239,0.14280322841069867,-16.707091402049933,-1.4214892751763002
362964881,0.165977380314034,-18.76802925728362,-1.4571488151437868
363779792,0.08865456092844176,-11.619470159003306,-1.4561382398611336
365465251,0.22821211385493384,-15.087431049344877,-1.590181779140674
366855254,0.12026386889892568,-20.754454719102885,-1.4708445478543495
369822912,0.1785852843081978,-18.591924807619396,-1.351620015685421
370017977,0.23728353204732539,-15.331322325895346,-1.4095538903404132
371226425,0.05848487312968688,-13.810610269798342,-1.4097296860300716
373067141,0.08779574386348954,-15.20808403352057,-1.3359845297131356
375654986,0.1340280821319643,-20.778702491267723,-1.4017267773193818
376546922,0.11794075571004146,-17.535248323003643,-1.4169658098599034
378823341,0.198519730326782,-22.18141289871228,-1.5097719173600126
378943771,0.04586121734909778,-16.627952618395017,-1.6071967132552876
380266031,0.3065455894985164,-15.63680576236991,-1.6788593802364138
380581744,0.16915625918147686,-15.09622745613425,-1.2750715341629575
381193679,0.13569111173904508,-15.83222783882608,-1.4417170906949426
381221868,0.09433516513734017,-18.27105414671819,-1.4595786031950564
382138194,0.17833743627851822,-25.791044125547074,-1.5020372111476428
382640204,0.03169769523042852,-8.833295681994946,-1.4684216065697226
383051639,0.12703521225173003,-10.654630293976886,-1.7269189041493838
384664790,0.23017944508351526,-15.18627293475977,-1.4347394406598286
384698679,0.0523576694013167,-11.324586938724389,-1.4019263839349976
386952646,0.10738507815815374,-18.462818439334693,-1.3121096381959896
389140602,0.15146077947225012,-14.466458318263385,-1.3732920079345543
390020723,0.2005490740451631,-16.746446359646583,-1.3979914099697894
392986386,0.2666463676049369,-25.42473747907774,-1.4523691377551269
393889471,0.08926692517855268,-15.628946345765836,-1.4905670324254878
394784497,0.04744042479148877,-13.382609485381886,-1.322016757054472
396779629,0.10634401420401166,-12.942589723205268,-1.5566323115429723
400679277,0.12907091360646125,-23.015402094005758,-1.489958858179162
406280996,0.13937307668042798,-19.85618077032114,-1.293915617260051
407126369,0.10418115338930509,-19.366031835622906,-1.364803957107227
407837634,0.10171954099350422,-19.93978365413603,-1.511907826770182
410111411,0.2003654141393072,-16.638429944124717,-1.4432975735122942
410228521,0.11450004259155938,-17.5059862856692,-1.3813046143703023
416978504,0.07834621779768365,-14.712428749636015,-1.404370189240859
419163075,0.13323639194786596,-16.951331859035026,-1.5280294402505303
421835110,0.21034286685283976,-13.83177986792776,-1.4732393195992788
423027166,0.17236564707637425,-20.015729011508842,-1.4242959788885965
429907361,0.06851973147703261,-15.513656351197415,-1.4015236063495788
430801199,0.14859596217582655,-21.480985430587896,-1.4595310177024614
432204652,0.25378683155617177,-27.127302889269103,-1.6514832111099635
434016760,0.20649252884842165,-29.225614734788998,-1.5631940369835962
434594115,0.12156902288786531,-13.733734052370561,-1.4110321912313495
434638852,0.03190780773931262,-18.842635307302572,-1.5296291300211864
435040511,0.05460686355154317,-10.331993712156173,-1.2479638117369791
438866981,0.1632728880437939,-17.004477956502555,-1.3908178478588482
445239544,0.10974341204071772,-19.022970441405405,-1.4863219374406313
447410320,0.11335250044052989,-13.272838211952447,-1.6092442490523757
448582105,0.12740240547174755,-17.6623793575961,-1.379040527771578
450244515,0.13848837857919347,-18.194754751864046,-1.3370515585103862
450816164,0.1054087692863317,-24.373600130084423,-1.487461888318672
451046010,0.12448946660279153,-17.875760812663096,-1.3859899108176978
451825847,0.0,-8.81028339114748,-1.4472467840690553
458314782,0.18029994495902554,-24.489589181192226,-1.4767915170302413
461966485,0.08079236218643529,-19.19251462868193,-1.3293847356593287
462172009,0.2622032647831909,-14.080945088598625,-1.4225627025998284
463302366,0.0598629847410834,-13.875715679963857,-1.3212801806988992
463587430,0.2613948663601333,-15.174378754349373,-1.3199176594508877
467004469,0.32291256115979916,-17.72258025594904,-1.3069214180076116
468155319,0.1707820821687953,-17.5751015070057,-1.2807945750103653
468652105,0.11695920016251156,-14.42782726955721,-1.4524346459836195
468775379,0.06131812826111346,-11.17662292711756,-1.5596227628848003
470556307,0.0767802018809133,-15.24846667791252,-1.2500097945599875
470861449,0.0,-19.28772888183594,-1.4382975220680236
471091494,0.16235224547890661,-17.899047207993984,-1.2975367012170396
471696547,0.13995252109762035,-19.609122906818577,-1.2600148372316688
474040495,0.2805287356064382,-20.993480093098515,-1.5878293181370684
477561389,0.09142126037789491,-13.067166900678,-1.3652190609873927
477874835,0.14822789245328705,-10.878957496764386,-1.3482855178756414
478690953,0.06366288366818296,-9.875211595228372,-1.283921894801464
479556763,0.09036665794521166,-22.364223968106472,-1.4062347415227068
480311393,0.05691540327948077,-19.399929792956716,-1.5295069917082953
481259695,0.1423138111807671,-9.80173514979853,-1.5547854150166112
484856691,0.17583326577412287,-30.107118468512233,-1.2974360584669282
487201579,0.03016162159814198,-7.865890858106569,-1.6423174724257734
492048654,0.1491482004473115,-16.658336829716575,-1.3961354758672755
493168001,0.06889864528564463,-13.449471853190365,-1.3604421013554342
496108923,0.2119167645343071,-16.22201443709928,-1.5389757669464978
497020303,0.09885932743656191,-19.052331703728427,-1.4793043844314673
498494899,0.10019489930300196,-19.871519484238043,-1.4501357555594325
499658259,0.1969958552659181,-17.077980518286616,-1.4543084117225686
504057403,0.16825001119166014,-20.383434293745584,-1.427158301756936
505644154,0.059096086823131076,-16.884474853828976,-1.31446552090382
511141441,0.11958950937712232,-15.92518138403739,-1.3779907212147076
513469367,0.15873476640165396,-17.217319941058363,-1.5030890148178973
513805344,0.14957212055186833,-19.448857848478394,-1.4870250089606878
520894778,0.07172628402046238,-11.434639968780633,-1.3273099812482407
522455806,0.038484351514915346,-17.666681529401373,-1.3569924932417006
523178634,0.12663796638772687,-26.121472578808657,-1.4367102652874637
525448750,0.11837559365290021,-16.698160569113462,-1.5294018464052135
526646207,0.10205296441944108,-19.298681780111636,-1.4703976648259638
527073578,0.055789229593043194,-13.643485012533684,-1.407233653745237
528492071,0.014722470090880426,-26.002099256278413,-1.4061517005613917
529094366,0.1944480919775564,-15.228730120695374,-1.4447106903719447
529824572,0.21609636458911516,-24.26876561036972,-1.5125655957577204
530448320,0.16634826694675048,-10.421010769167022,-1.291661036185564
531544841,0.2398102482058081,-19.633889817618734,-1.558283722767906
533161348,0.06627559559708014,-15.626531298983881,-1.415558442595034
535120941,0.1116697122336234,-25.163211550703494,-1.4970536436364
538855900,0.14368625984163563,-12.162084668262494,-1.4898316280102257
539808167,0.06352790825673857,-17.594946035352976,-1.2661005019848812
539918014,0.1847155935618301,-16.403929094034854,-1.3533909918583313
540002064,0.08346505449605694,-16.212577942246725,-1.355973887692928
544044099,0.11226831074580805,-16.222906195777604,-1.3139003079867433
545150526,0.20732702154862734,-19.752361510037527,-1.5626373750310076
545517684,0.12215849903060753,-25.98269948166176,-1.4295416479723193
546491813,0.10036506016505486,-21.048549240565684,-1.3994646430531053
549703811,0.19871527712045686,-10.872183045225563,-1.3733122241215807
550214872,0.09911116787446769,-18.108365254980924,-1.4231166832583635
552422824,0.12928255600138933,-17.312893557089435,-1.355884264111014
552423869,0.04374090480698815,-20.94696417321544,-1.3740482446083255
552461553,0.05332355416497421,-22.794218024554237,-1.2784036206089429
552551679,0.15810145506131507,-21.10339939144417,-1.396869694257899
552938504,0.17092296717930439,-18.709397411969455,-1.4315090559859953
557370684,0.1082808161594455,-10.889890719555268,-1.3999996257777012
557651527,0.210878917192905,-18.301587131924453,-1.6091675703140933
557928007,0.06904368696844584,-24.71921350632257,-1.463350148829182
560373039,0.14350204548555595,-19.84931292682397,-1.6090184085980435
561829338,0.05905055582941003,-17.76552076062401,-1.4856055985639716
568259137,0.23993894008220928,-18.016396099883984,-1.5201524887910425
568345290,0.041510048125578486,-23.414883966225577,-1.463787097933657
570161059,0.11166273041675315,-16.557553223925723,-1.3470494522202658
571129709,0.08921089005338767,-16.81856236206552,-1.5507038605574028
574158816,0.199135048176132,-22.248104875436702,-1.3120100934105021
575779691,0.11729289657291718,-13.569466112813078,-1.3221100309492382
580244859,0.10178838140908954,-23.31401342615908,-1.4329579633896707
584329885,0.06736773141953876,-18.435633051123958,-1.4164220498110787
588179423,0.07756868945291938,-19.306179104837668,-1.3989072783153282
589933532,0.1016362016775457,-19.98711957537298,-1.402492981209331
590221370,0.12495535464451032,-23.63302321433414,-1.462554656103717
590600333,0.18306391482132703,-19.246667766713184,-1.5140729704177984
591254588,0.06941735494844856,-19.592462201343306,-1.3853768639686301
591304180,0.07774621838823614,-17.840166583558606,-1.449517419598434
591321511,0.1569835966544122,-22.85984056545947,-1.3876021104002372
591563271,0.1526655705887061,-21.307599833758232,-1.4481854822173492
592737790,0.11352748665323213,-19.87076281056911,-1.4323086675074734
597525458,0.08638589757397053,-18.461621990883412,-1.2733633787045635
600479739,0.2921716386607839,-14.75204009660817,-1.4607550577783421
600579021,0.10638066695629696,-17.822430003571846,-1.3087594772598794
600924584,0.11381752076117996,-20.641337902114895,-1.4008200419155865
601708360,0.15081429798371523,-17.200190427587472,-1.516532845181513
602899803,0.08769157486979909,-20.09226924804468,-1.4676475700279579
603592935,0.1954816453066519,-14.618206802625572,-1.4313965456587219
604394625,0.1771679384116419,-17.284404491743143,-1.5258853412607492
604599168,,,
605180770,0.24286129506497162,-25.4523190373111,-1.5095117934164823
608208366,0.14678563437638822,-18.906968581515407,-1.4323766960265167
610574972,0.09299915905910792,-13.338009484093462,-1.5322432933278163
612971051,0.12017932615992996,-12.551750123979925,-1.429935728562969
614347225,0.11265191275087999,-18.86653256309403,-1.4456849880656382
615234736,0.11887236177224098,-21.75560245308763,-1.5621574435625836
617093363,0.20047841275586148,-17.89775288554506,-1.4785099271038016
617245298,0.03220779785054585,-25.826889797682732,-1.3823347391521348
621718672,0.2455671432628833,-23.44741096127892,-1.965365293341768
627598971,0.17394071437098851,-18.43509043585109,-1.4229072170292794
627665559,0.19698283938443256,-19.16396433907907,-1.955922234852026
629209941,0.11497479387669843,-17.473752677626734,-1.388871771774824
631145134,0.1625884783457211,-11.71058983110723,-1.4920490409966842
631899736,0.17304543090971003,-22.386009976216698,-1.4487252280075087
632106616,0.05921407709593477,-19.704544738311128,-1.422016464151994
635772832,0.12703874304083976,-19.210010630570594,-1.5136814093372286
637198167,0.0,-15.3984288921765,-1.467196347754264
640421390,0.12265599811077518,-7.625422315813523,-1.40398239690194
643271105,0.06786551949413872,-16.953571982867786,-1.3714671806669023
644803369,0.11624569630649549,-18.739663769048153,-1.4169269704168543
644823683,0.13364634988643573,-19.007882155084307,-1.523056168378905
645570457,0.1380946215710584,-21.351674709096365,-1.390660356685217
646977732,0.10821338262393446,-13.105034215291738,-1.413596151009549
647537584,0.2186705143863451,-18.746107546575352,-1.4321248989091864
647658315,0.14416979634426466,-25.18406446795259,-1.4347943401482406
655592568,0.17219489833825277,-19.867689193094893,-1.4753349691951119
660150022,0.19439884976051108,-22.521399233026358,-1.5173061572370643
660367541,0.16496111371202607,-23.602008786037988,-1.5533657780659162
661763144,0.1670157151434385,-14.073551414087575,-1.214881303916516
661964726,0.05698591715007362,-12.174719668538824,-1.3556470316353757
662432499,0.12866679216649232,-19.132702501033208,-1.4581725959172684
664285363,0.16087535264937472,-16.813840049088576,-1.308245365518029
664296807,0.10760692364714768,-15.74006237896684,-1.521524115755192
664658921,0.1857034039140207,-23.70887626988486,-1.4753976595774791
666497422,0.07762785509314249,-19.181992626668908,-1.4248241337447864
673553703,0.12878099373608382,-10.51703543046889,-1.4647560096565102
674377415,0.12041777281980784,-17.09740388685949,-1.3414746238114081
675363835,0.11884338417902475,-19.68653434148385,-1.35685740374375
676942073,0.12051993271416239,-20.75365335003077,-1.4591921362834235
679948399,0.09321311247521288,-10.065986701018137,-1.2564537768394786
681524763,0.10295935272334351,-13.559522623629046,-1.3824431921825084
683759574,0.09207767750632734,-19.58255158411358,-1.4074170243319772
683821767,0.16087955956931754,-15.227297207648125,-1.3606315124998565
683847683,0.16128344576945447,-22.583155245611607,-1.4101877266484513
683965548,0.07094668331989117,-20.826886971928676,-1.5588189565560235
689412203,0.13031554444876836,-18.873885677637325,-1.529857099382199
691429032,0.13812099506197298,-15.24101652301241,-1.3159142603900047
692652294,0.1370486693445333,-14.888564652795424,-1.4706650306881328
692839165,0.13312543838108543,-18.769908846487233,-1.4278159477025612
694212495,0.09336254396764039,-17.272855738130012,-1.4987894303370324
695373984,0.2175798525715136,-21.817212096871796,-1.4488528102776164
696492277,0.16501394645244857,-26.843979428790576,-1.511284441899098
700634370,0.15241173395903335,-20.316714708450217,-1.4068810932234317
701766538,0.05822563433489027,-14.718107429745892,-1.430777832436859
702196802,0.19064297503018696,-20.259378720280964,-1.4910236554150624
703480508,0.12227144395534831,-15.782426696831703,-1.367537065304437
704385953,0.11215811226462732,-15.223504555921824,-1.3782106440297808
704396526,0.10225769909733287,-14.11424834430659,-1.5246714499940202
704411618,0.12132511328426365,-18.875989985307037,-1.5432029350271717
705005542,0.2516349248261462,-22.998748581788487,-1.3653509625535718
712021850,0.03250776575313652,-22.927491756215858,-1.471837128711694
712085343,0.09786233936173988,-16.11584988138828,-1.3739807935830508
712439037,0.21402984886690013,-14.682493212257793,-1.4534088377749168
713900276,0.14158953696795862,-18.90316494375375,-1.4955619812099483
717424169,0.10769867010429554,-22.487099920556833,-1.399550770232797
718787784,0.12070322839668286,-21.17257136386824,-1.5055678384642859
719133962,0.19060643008916625,-19.327133861885812,-1.401690422153687
720810608,0.19712175822806496,-16.136092484772462,-1.4041342034536886
721171776,,,
722053885,0.0882155747214359,-13.28706207267803,-1.4169303284247925
723672734,0.2306332923607307,-26.439692090494137,-1.4722419952142276
724835153,0.09005185689304968,-18.482053447862505,-1.3815231377018302
727868775,0.04167337644029115,-11.807065696033739,-1.5129497204988773
728829092,0.09272427688720983,-13.303519257265744,-1.5600720056889767
729598115,0.08432721261976045,-14.207705997271425,-1.3774119332723322
730155797,0.09219003747833399,-21.752321683675852,-1.4453506506665175
730422706,0.12212984817557332,-14.289922485963912,-1.3082717547849627
734325142,0.1010054529089778,-15.281193730450475,-1.3951720082368055
736569895,0.24054705521625844,-9.958571788689099,-1.6288137150660815
738501136,0.09377880439407991,-12.61232227958503,-1.3807321496819858
738670559,0.10848049082472336,-16.786984401653903,-1.3813711240388855
739482550,0.2955444336126062,-23.860081633226983,-1.3496040959629627
743538534,0.2664097963931187,-17.430528361935586,-1.388005273521674
743848896,0.14646992821774377,-21.80387411931441,-1.3914406842626543
746887439,0.052317442574366234,-22.469565716813072,-1.4819536045571353
746908583,0.04660598621374287,-15.140759606002108,-1.4020601668321373
750330570,0.25029720064046457,-9.412501952782025,-1.4871411389615394
750970975,0.1669357845095798,-20.523415968548903,-1.443752635510762
757326786,0.13158929654110743,-19.49293870007428,-1.5470196999401251
758289026,0.0,-28.113829184884878,-1.3034822717149002
758716624,0.0496977840388818,-13.616570427776747,-1.4177821045728485
759172140,0.16948999333063527,-23.779691207246938,-1.5522783780238536
759625923,0.21376445690813684,-17.641261624350257,-1.473359223347035
760824161,0.09479756972935072,-16.235500779222985,-1.4095012791507777
763779531,0.14806673454833846,-19.30526278387527,-1.4671013559984876
767018438,0.17742033172029076,-14.70971468001975,-1.4257069716765443
768892634,0.0,-28.552167822426593,-1.5233897102192788
771423154,0.08860833040754876,-14.452779257563673,-1.5033046904221763
771664376,0.16340108976388268,-20.874647436280522,-1.45622607944679
772169118,0.18769129238607782,-18.515581469041138,-1.4785133745256307
773520551,0.11887250960792246,-19.599467865021282,-1.4971491459990331
773540324,0.014682798165511343,-14.32609609051249,-1.3953460957918427
773892818,0.11117104454418715,-7.2649944568694185,-1.1974135404942932
774060462,0.11759863073103916,-19.740769192651655,-1.4386744142016505
775329072,0.03647558602973081,-12.915323773464202,-1.3543640753222408
775817067,0.18251804418871573,-16.504206230562268,-1.4178593666313766
776007948,0.13272270914429593,-13.879757194347231,-1.3725724490649756
776603511,0.13304651060373954,-24.629535315784103,-1.4010478211345911
777277058,0.12738732274735415,-12.633392806514243,-1.4065039075401917
778013100,0.07911664448508483,-10.701360533984104,-1.48161950201585
779064400,0.09499297379418997,-20.2087602583406,-1.4370869743570764
779633318,0.20281025061815194,-13.156954009052331,-1.3396574191107946
779668382,0.15217959354896884,-13.894535936759711,-1.5628145114970353
780197235,0.17831106910551486,-19.942237946094643,-1.4339996218790025
781005991,0.05823979581996884,-14.015614039936,-1.6320659522523193
781600929,0.14340405671142387,-13.95120686003947,-1.4006629355035185
784764836,0.10311284923113077,-17.01471530829381,-1.3878228572178322
786231038,0.13533178507268698,-11.497796501059147,-1.4183982350562505
793919102,0.05753277529067443,-10.620029755268519,-1.395626977940851
795946261,0.08966939521893541,-19.260082470434668,-1.4258628019861601
796422484,0.39701799713088126,-25.461057942666713,-1.4803652621365901
796760056,0.11545962307168622,-22.93216936805051,-1.3886979767581347
796771712,0.18111578229836525,-16.68880309311605,-1.5123225773859048
798789180,0.0548516383378137,-14.219504923331815,-1.5605917323053344
801334065,0.06886891362263604,-14.868509539151216,-1.3391466263635499
802485829,0.2097992956711672,-13.478815974933319,-1.4433449026777798
803946336,0.18416357947934672,-22.090133882648388,-1.4883629327039123
807287585,0.17243473022941688,-21.349241883598037,-1.3819773906430122
809198267,0.15386038425023885,-13.494215708384537,-1.386626252628496
812007369,0.2218502901605788,-17.280949202970458,-1.5061722763628917
812990094,0.09898028634669982,-16.78171015303377,-1.221842020349325
815234905,0.11543212689669341,-21.364669323324897,-1.4277732018872795
815428844,0.045010186743284206,-17.543192626054296,-1.4759357466847904
817909994,0.1877930956618563,-15.454618892688366,-1.4591959022662553
819108528,0.20145501035341992,-17.550037439444953,-1.4178821949665725
822990306,0.14146296151628276,-21.81565194245844,-1.5359879484253516
824029513,0.2034759154518338,-22.810135257299798,-1.4670246090974706
824776208,0.1652768238490127,-18.4731659160282,-1.3284057594578464
825823838,0.22248795107195973,-17.546323772560864,-1.5082586588832156
826140009,0.12359811719854111,-4.8679091783925035,-2.1098711431753965
826948334,0.12539615242423105,-19.1035472643037,-1.383061310311729
827376167,0.03274601453549332,-10.395369584088932,-1.433892482367185
829935261,0.22678009577253946,-17.683594231245625,-1.5447231015295504
830856040,0.08251857799763274,-13.610579639151478,-1.5006831352552932
831567960,0.08044700910170688,-10.939990006542768,-1.426300728765365
833581092,0.24447300263045152,-16.670835503645826,-1.3890282128810727
833802670,0.2087155441974487,-16.92606664594037,-1.4090347362233089
833888729,0.16430711884924626,-19.450069321030817,-1.4698566241411404
835684279,0.04274655950226758,-4.793368496284015,-1.1642488064778067
835758174,0.20227102456648477,-21.709925584521322,-1.5739332763908065
839439630,0.09319496276285578,-14.161845838669027,-1.678492744160609
842492941,0.20166227752970023,-19.390100360477327,-1.6619958925948493
844513555,0.08915470619760861,-14.596541371707044,-1.4349223759024765
845872329,0.18611519734758622,-20.73144513155541,-1.4779173119615743
846314057,0.060156465782928194,-26.77886547794597,-1.456903165462648
847412577,0.12137785117959801,-13.174157706683646,-1.5317259819726459
849584965,0.17016875143046267,-22.26436055088547,-1.5088999280123734
851014360,0.04587386448770427,-9.65006218392342,-1.6490995940568651
851754040,0.15691119126055775,-12.722272244454222,-1.4225568716876626
853058571,0.11349237310978565,-14.980418113652712,-1.4613541118289428
860921108,0.17162810160879724,-25.710720109864475,-1.5451921763734167
860937603,0.14823560305066744,-20.651127424561956,-1.485608550939085
861006521,0.12498852505352012,-15.019467035134916,-1.5688988943825635
862945132,0.1755120097863854,-18.194395823140077,-1.5641572546380969
870233270,0.1661052953061427,-15.718590644717839,-1.5423764539762101
870664546,0.2512419972373616,-15.662880505123804,-1.443033063532312
875441511,0.15491347167709205,-20.93595466040719,-1.6222112413486651
876724071,0.12726082896765442,-19.801069429370397,-1.3872987557403338
880469231,0.062333016517127554,-15.384155236009704,-1.4084393819873158
880958427,0.02261021482053663,-7.106313138184541,-1.3802428873372046
881299534,0.054902156391541904,-23.474688766336527,-1.4119757219139248
883857612,0.17835626174658062,-27.139360518347864,-1.4619828289205685
884414115,0.11789604268924059,-9.790115548896834,-1.4039775598739483
886367626,0.14256180047460051,-17.628424556023504,-1.3600191941715885
887488816,0.1018642141906675,-17.508400286020766,-1.3863551130847223
889078022,0.12799745695557949,-14.011984495370054,-1.4435463654909235
889223098,0.1757140706791674,-17.578827186965693,-1.4782330914241453
890071378,0.1125577476135732,-13.025123938496206,-1.3430009211388954
890617041,0.037900377963475854,-13.48176444101691,-1.3078749558761087
890838340,0.18479638951766195,-17.117795040280864,-1.364079273293449
891301841,0.3259819377731557,-31.696601280520895,-1.5475963880305994
898361572,0.032570854058086796,-9.761326735559011,-1.4416401518184108
900001314,0.0740733018465208,-18.889357387505854,-1.517032065713718
904119228,0.18540275914583307,-21.9947171419454,-1.5100256787301833
904374339,0.1902792358809062,-19.050407091761972,-1.3786995637134292
904480669,0.19353320312426983,-20.20368523353642,-1.4263751008533578
907153185,0.21560177203360528,-19.795162827764408,-1.525385983642997
907266712,0.1084117049135989,-17.175892123760125,-1.5608215552533455
908190289,0.13693771740533148,-22.164078394823562,-1.5585070042468092
910204500,0.10229990972301153,-20.106195836436065,-1.5786376558222117
915725506,0.19610253098357155,-18.270979425515325,-1.4318121227642397
916105589,0.12865820823253532,-13.97240624885131,-1.4860343815809307
916494886,0.2087743952527683,-19.80246580294427,-1.381045811631452
916522106,0.24511999710774493,-14.284661720947337,-1.461893671990849
917150539,0.1791143444434594,-19.565568719146146,-1.412752170241493
917944957,0.1545756188133214,-22.62061050037018,-1.4154246305528213
920434122,0.09101054289258255,-15.391515126643727,-1.5013028348104729
924718420,0.11604451038824784,-15.807481066731132,-1.360978469193988
925607299,0.09991930374776481,-16.32857832819675,-1.4918783497055146
925754191,0.2664964322705843,-26.522759006091555,-1.5067515658459973
926129552,0.12333511710259028,-21.184913365074518,-1.4008943963369378
927145903,0.13450011745413187,-16.81639988743153,-1.3936028207886515
928303726,0.1325365445812394,-17.692191639813004,-1.5673415275529876
930540479,0.10081271183063499,-14.9269380075188,-1.3642985181148668
931629721,0.15618857104907352,-18.228256257806372,-1.38523697753186
937228279,0.10918816372753778,-17.643092197582423,-1.4953280054506206
938772846,0.10838355658980978,-20.404740068399832,-1.5702477788621447
942197560,0.25314064154917926,-17.205299392574066,-1.5141919502462486
943127061,0.21641553039727135,-21.443577215279507,-1.5650145479536386
945683745,,,
945887934,0.06660483178982304,-21.886418612610385,-1.4866951868866969
947299074,0.20437902206866787,-13.215963832678767,-1.4022242402086
947949384,0.08051505713616856,-20.709832553355763,-1.391311125840788
949062540,0.1847723799805046,-14.112828818449037,-1.428591042561783
949388489,0.038831567942959506,-19.99218827527912,-1.584203089665386
951127396,0.07084217335048552,-16.41173713290003,-1.415130921802297
951673628,0.09692037921421248,-16.718068705545484,-1.4529598289081485
952353569,0.1320265288292727,-18.3290574334751,-1.4368167355351182
955914530,0.16510261431420262,-16.573230431959654,-1.2986010615216534
956688928,0.19669350390590146,-21.293863337695512,-1.37475947422924
962726523,0.14074412709322262,-20.726741927571613,-1.4117868391866057
962823410,0.09315522821507931,-15.722951164570159,-1.475602815999509
964795204,0.08205248213948196,-14.558306715030808,-1.3661970117410034
968283364,0.15263371626511152,-25.504986855062683,-1.4288992524351596
968536035,0.24850404050663916,-9.37274301691141,-1.5235439854940203
969238313,0.2426980820255061,-22.531070924726592,-1.5126909927218137
976214721,0.06338885438199983,-21.69430837871515,-1.3930286471443025
977697318,0.22350966262929958,-15.822479145303857,-1.6323315912049723
977903714,0.13066004495189043,-16.27373680720725,-1.4083107040128757
989294952,0.10037419335503803,-17.309912977193783,-1.4327969556289435
990996311,0.11381601145395964,-14.34472513605348,-1.6450231535080133
994017866,0.047281667915299606,-14.57724739474731,-1.3331970120005092
994611292,0.09797833929681583,-16.288082170560017,-1.5270859054501686
996926457,0.07527044223520332,-13.547642453861872,-1.381334644223698
998881643,0.0,-19.81473441541629,-1.4654336993199302
999788770,0.1567650255166929,-21.413078815156922,-1.4380901851106107
1000037718,0.059079459750829455,-17.217672382338115,-1.4015924311051167
1002213154,0.1396753433522556,-26.770752085047263,-1.4976933885021404
1002828112,0.09368877427706727,-12.544320691206465,-1.5786085061943766
1003830960,0.1484091994207656,-20.330493907238246,-1.581603712836829
1004145683,0.14557358915643615,-22.006735277429872,-1.469102996476397
1004814172,0.07990175277694583,-14.78512344585485,-1.3335113893100536
1008845023,0.16078737596687948,-14.88036838773503,-1.3073924861398702
1011484985,0.10691120519920161,-24.641700401883227,-1.5026848688561487
1014818927,0.16197281096940971,-20.275078844136956,-1.4400300351520487
1018316771,0.1871081466719882,-16.442209839947683,-1.390056995988934
1018375518,0.0776249897608784,-13.967991375126134,-1.6371524921982565
1018515104,0.08642048803481873,-17.44961632196526,-1.36479063793036
1020376792,0.1239273911562266,-23.559887913164708,-1.4412519403294937
1022641549,0.21398887452801302,-19.438644269659008,-1.4343621369207362
1022893691,0.012024455547931072,-13.051342287758054,-1.367907058187097
1022925100,0.07052423920185485,-18.077225063849863,-1.4013778021537953
1024416897,0.2822700285738901,-20.388612272525634,-1.3859119766233483
1026789630,0.08169576852296725,-19.3776277864228,-1.5613938674925703
1026993809,0.0,-15.912318407395803,-1.445848702972406
1031418100,0.18865489128427884,-13.372211701253505,-1.5406650110718194
1032847317,0.18021218102237038,-13.497750504168836,-1.4217000332987013
1034165070,,,
1035057644,0.14863598508629222,-22.69551235089317,-1.457950867280079
1035697546,0.17006590009132605,-12.200058589366375,-1.4786311665336738
1037772391,0.06179055448578892,-18.05910672666588,-1.3365971134163326
1037937433,0.17783835612832155,-12.197843073618287,-1.3169579196306902
1040721785,0.18389911623774816,-19.997497519757523,-1.4819466443955294
1041438204,0.06906599712015186,-16.746993750671685,-1.4620831085881596
1042461950,0.14210197269225905,-24.241637887481414,-1.479063084316993
1043191445,0.1583895947735922,-14.622140874726975,-1.4167310225091674
1044270058,0.3058824483721778,-17.007383421927646,-1.41165184741539
1044769820,0.056060195732651016,-13.837819776005272,-1.3092019942563984
1046124065,0.21128124860999886,-40.61067304382323,-1.4526091768126506
1048802573,0.14337923683445347,-14.801641409375783,-1.4365548011335205
1050274998,0.1542960334118215,-25.845338197018567,-1.4285725561817098
1050628721,0.2691781254546285,-15.796467431773747,-1.3937839640341458
1051479267,0.11297347843564587,-20.168405422532004,-1.433349244477634
1055774304,0.10626832927180771,-24.921856658114745,-1.6593072192399085
1055906285,0.17092222615982752,-17.380801271378502,-1.347664085588797
1057011460,0.15887287380261098,-18.729162055135962,-1.4188303918018774
1057585182,0.06378164549037599,-12.150223409681082,-1.5679500411786533
1057664554,0.27901141958711695,-31.49765977929393,-1.4990043368612311
1062724411,0.2740115768418018,-20.52618718422039,-1.5326230197511657
1065445123,0.20665437073208218,-14.923243699041404,-1.67862061886425
1069279856,0.042295400178145745,-14.813002262870622,-1.4559205968274866
1070416015,0.1486397857140908,-15.668268529777112,-1.684956253954386
1075424424,0.12235630090555466,-14.19661387167725,-1.5238925366775218
1077773058,0.11531929518628802,-18.971595449341645,-1.4626373750259016
1079416516,0.08210396331511048,-19.538328793347294,-1.4526245479150375
1079866823,0.06891508444545859,-17.114537992195604,-1.4048517859423435
1080158856,0.07388310603792375,-20.701260559913756,-1.444596565617541
1080620799,0.11592430205191381,-19.96604727910138,-1.3881475232321538
1080957068,0.15467756167255092,-20.309615296676387,-1.3699932001101078
1081757264,0.2070601594077054,-16.404209489090825,-1.4342840191806996
1082266095,0.22590500981053727,-21.391554983911043,-1.3446269108013844
1083168533,0.08387223163002985,-19.54532189633638,-1.3516027943613866
1084809277,0.12840295489769976,-20.716474235511235,-1.3824915021145145
1087438623,0.06079438949795633,-15.037909795543321,-1.4161275362404684
1088282468,0.1350784558755141,-17.0570870112943,-1.479224177196122
1088928929,0.05857416050579181,-14.890365748229275,-1.3952846219201591
1089828635,0.17497590987054523,-20.87383183451281,-1.4278838010635533
1090210625,0.16020439836339484,-9.752647320707958,-1.6812819286047354
1091710647,0.04793678424955723,-20.898957134515886,-1.3182438946921262
1093215170,0.12924710908252748,-16.999363829189214,-1.4799259076482933
1093651131,0.13404157413460527,-18.249194434937863,-1.2983021081280985
1094809839,0.2409391851836853,-11.36409712689138,-1.6233472935417173
1096169355,0.1250701166618871,-21.912787083390295,-1.3592133954548875
1098092286,0.08308208785259562,-17.418914787105635,-1.5488525930195378
1100981071,0.13977006618072435,-16.363176789516157,-1.5432873604651431
1101711933,0.31991085200333264,-25.803436252397187,-1.5725796431905612
1102267210,0.04316525943984775,-10.112537220388349,-1.2490185142324164
1104072658,0.11014261501354597,-14.805447294427871,-1.5853901965211108
1108358437,0.1432612763547776,-16.76369544272545,-1.375342406479786
1108521095,0.11405174417780772,-16.047246668290303,-1.3749359998668131
1108859622,0.09729212802140574,-19.48876640661042,-1.4631591106709232
1110979806,0.07597033600773637,-15.100515904351097,-1.4851316940646997
1111254552,0.18607635082815482,-10.751595308259775,-1.5808386441909579
1112243733,0.11421711884334529,-19.074725743221705,-1.4215075514614308
1116222484,0.12801239167950945,-21.52562233395807,-1.4636181423358252
1116466032,0.044798859607426064,-17.465138375049857,-1.4255082717850018
1117577813,0.10823180678620509,-15.293379526009147,-1.4250289885275338
1119832031,0.12745381088943555,-19.21664491977298,-1.455627137560542
1122250246,0.09321239346512493,-16.51817205707379,-1.4553054624089536
1122657786,0.11953668106460044,-14.635176674840954,-1.4561982661251611
1124350393,0.10768404504184356,-12.973299145874527,-1.4555514540564938
1125042279,0.046238357968061056,-17.586615271749505,-1.425465036991933
1127693589,0.11670352087019126,-18.385852478476394,-1.4381357519044322
1129609173,0.07945337090832773,-15.28449956987936,-1.2740703756473357
1129977144,0.12010525551635237,-23.42653912797386,-1.4893013060526714
1130372420,0.10268995580758562,-14.16660140853422,-1.3473899140901304
1131316414,0.11093767815593344,-5.826845673926452,-1.6350054553117785
1134860982,0.017964165286591748,-21.358141482161937,-1.394597280335952
1137719279,0.07647847956743921,-15.577307391723602,-1.5119562648904195
1139444330,0.10099592256421885,-12.856678561840821,-1.390368779373974
1139985690,0.1770951135014087,-17.56675421659546,-1.5509457998346843
1140525815,0.061941430546728,-15.96652304227214,-1.4574669336232304
1140638159,0.15024436918662687,-17.379914000288494,-1.3906970729624224
1142242195,0.1495187843796983,-14.325454344193982,-1.4532917435389134
1143933257,0.08706011240375232,-21.34021883974592,-1.4759686542583015
1145279215,0.026388503482954233,-19.312583543496622,-1.3547553743025509
1152111636,0.07616444824840597,-17.68633959953801,-1.5682522664512548
1152242672,0.07720327422424464,-11.183293570654588,-1.4410693474522909
1152477994,0.11314528456050389,-15.43276139738359,-1.3866465722165586
1153861671,0.07278156983227432,-25.286420149536994,-1.4884098301814566
1155892737,0.04690327385300528,-20.242538971995607,-1.4076127901783473
1156104613,0.12003677200485846,-21.254778881086395,-1.5372953461813623
1160021784,0.10377442925588976,-16.03438445877434,-1.4004270345433611
1161191961,0.08895107616111768,-18.320369073560745,-1.4027075026263789
1162868468,0.3049543853706247,-24.211643923139107,-1.502209618130217
1163225088,0.060764886402673246,-14.607837185262285,-1.4253342436320329
1164151461,0.2758635404175347,-29.028582313457278,-1.3686780671431125
1167093857,0.0698571319317481,-17.338271085454526,-1.343407826429935
1169315687,0.17642452748934914,-12.785943745846229,-1.4474736262976764
1180505181,0.2036901169353922,-21.049548581726874,-1.5276843213224078
1180519333,0.18530978443637772,-20.503167928405638,-1.382308452084756
1181212370,0.07871305792886181,-15.987949775441063,-1.4315423421362636
1183068689,0.10441979601486469,-15.683390510915384,-1.3850993192359813
1183829803,0.1736052889515608,-23.60974639757861,-1.5261736061181177
1185319610,0.10298214664398125,-21.99748436638174,-1.4498683420381535
1190729988,0.2711740064707401,-10.959705065573202,-1.6002039965870145
1191044112,0.07885645849548722,-14.033042132147411,-1.3704031961907623
1193648135,0.329190234333835,-21.469873467880063,-1.3743156146744147
1195215824,0.2427888712650383,-18.81402888436137,-1.4297591090552046
1196210225,0.0615243624053483,-17.03421955387616,-1.368650643355128
1196309493,0.204373052944679,-13.363367623213373,-1.5075910955021707
1196956475,0.1917036494737649,-18.337940362905492,-1.5028242545364456
1197005989,0.1046323540695318,-19.312783165809577,-1.3603186143837356
1202244028,0.08177148594212616,-18.16801342595004,-1.4734067904861214
1203341768,0.10649248712164713,-15.669741165005592,-1.4600033011969287
1203738981,0.14360015754457991,-16.247646230493554,-1.398985663235703
1204514267,0.17038329344196607,-17.30282328821839,-1.5114595794752068
1206093312,0.18529171422626217,-6.309069966995286,-2.6081433094923936
1207553045,0.11161699748754268,-19.836061427747467,-1.3003976083191742
1207659353,0.02875115660296109,-17.821247251811055,-1.2710341636764986
1209018693,0.23325284078588784,-18.269439436550087,-1.5095764909087872
1209192144,0.18045784828419797,-16.02436246539275,-1.4218178923411042
1215649680,0.14818202328641922,-15.80747402413303,-1.475040682426167
1217134065,0.10050201419039287,-22.07368122952422,-1.5399216842676984
1221681289,0.18519552376197204,-21.32692320695514,-1.4708654319338046
1223237459,0.0646471932934321,-24.83743755381485,-1.286907763101907
1224854531,0.05613071803161311,-12.888981544213465,-1.4070714810606906
1229019107,0.06545042523428603,-21.47787686996049,-1.3919706716146818
1231669254,0.1734230113748969,-12.93422595035577,-1.2968757293926365
1234378770,0.0522503153500677,-17.559520617261104,-1.3745231434523837
1234516819,0.16790344259575538,-26.99198375927368,-1.4048882080840144
1236625764,0.111727416080947,-20.894641907155524,-1.4623067898374544
1237094349,0.20433792346231106,-13.375311063233978,-1.4784689995499491
1237480310,0.1143045710941408,-16.841929668753295,-1.5326462482959575
1239778845,0.04673966215285652,-14.47715946991238,-1.5191126017120364
1243054431,0.14758307334726845,-14.590506466551508,-1.3581332093395164
1245929490,0.04281393453144628,-11.021251519548604,-1.542148515367308
1246396034,0.07906414046016369,-19.232161260815367,-1.3099261506325568
1248741697,0.19354686281905636,-18.571553525322592,-1.364082239736544
1250755972,0.17029771863404458,-22.46378811161236,-1.4864799282525485
1251357058,0.11291261252877229,-14.908183052568873,-1.4313522138823571
1252169617,0.11148489447916025,-16.881236496724576,-1.4686351566892712
1252276405,0.15547269463220142,-13.123521085680824,-1.5800546176543826
1254280990,0.09954022196186674,-16.8219580211649,-1.3535392591413344
1254767893,0.06873805988284232,-18.326985356413374,-1.4412488442936373
1257210745,0.08501606467181329,-27.125891223093326,-1.5515031426333434
1259000560,0.20027534537337338,-20.53284726126339,-1.3031067490315116
1260815381,0.0943526317153005,-18.26333459237854,-1.3503709740062855
1264428238,0.11483765573534739,-15.21772311131485,-1.4415805342816268
1265701785,0.19359288620709106,-15.214444610658656,-1.393922307006639
1267543543,0.05111924157599283,-10.027452336023579,-1.2548076827674532
1267851870,0.08678588132256389,-17.65974850718014,-1.4988556472129033
1268215236,0.2678813613104479,-18.788971448957497,-1.642273889558703
1270059021,0.16639234438088235,-20.16979724026762,-1.5479470472077435
1272226828,0.18454913607930942,-24.333008599686977,-1.396839531694702
1276115228,0.06058426388133786,-14.90569546301412,-1.4571892356620595
1276772038,0.08395858673235335,-10.062871398047559,-1.380963542816521
1279781677,0.17094748831745807,-14.715266852113734,-1.48601892731943
1282145987,0.27967128800168933,-11.698006570999954,-1.4830464728282813
1285560032,0.15207163030082857,-16.40113498271369,-1.3189229451475872
1285706938,0.08708174796382777,-14.3501836171027,-1.3875224269331692
1287297908,0.13979687785596834,-13.333390706004636,-1.4088818827125105
1289331585,0.12508153869256394,-15.392308583340773,-1.3908837217005317
1289583136,0.27236455480347344,-23.639069635645832,-1.5669054867857388
1289706443,0.06598861648420648,-27.866027687487133,-1.4620219553302276
1293224422,0.08103105507751103,-13.106900606895135,-1.451285903874968
1296812118,0.03819600003069794,-19.751620856838215,-1.431604071231017
1297460041,0.16369610516782573,-11.211617082221252,-1.866769614813803
1299863343,0.1914063985572846,-24.260637742712575,-1.3565687024571806
1300042245,0.133802532584305,-14.709275107863357,-1.7182022307034173
1304699548,0.12125782208346056,-16.491792448464505,-1.444236146566338
1305341413,0.10544332337147967,-17.84753960796354,-1.4256184676678412
1306342476,0.0923198150454054,-17.726520305977537,-1.5256844000813532
1306470240,0.07732769655122773,-15.00028489584613,-1.5069274278669484
1310776073,0.12414831587342323,-14.706489323785044,-1.5325640095237134
1311672717,0.22494797001403044,-19.38203229973348,-1.5286225718331745
1312873375,0.13245276812990175,-21.693867821856774,-1.3489753860497598
1316424219,0.18427103346857499,-19.347083895541875,-1.4677250983616539
1317817663,0.1493917135473986,-12.664680270125693,-1.3953784538482599
1317850166,0.08623344260287875,-19.28348910197035,-1.673465862289594
1319125116,0.1927224998002846,-24.920158131793688,-1.5289323639478822
1321108243,0.10674281422368961,-18.12711872165289,-1.4057721529369944
1321289146,0.141046411597741,-16.803415963707238,-1.4244434876330883
1322005538,0.10051978276651907,-9.113979742343094,-1.2746097097315316
1322895302,0.2021696653027215,-21.437390657146256,-1.604384136087193
1323493838,0.24347097339799811,-14.584137630152458,-1.6257007519965365
1325719759,0.07823190380703654,-15.333353494553982,-1.334612179645135
1325891740,0.10348198474556383,-16.36712947023664,-1.4564127976901966
1326496903,0.11588666160173805,-9.65819069413244,-1.486683028849559
1327463381,0.057992323257035405,-13.897577528404984,-1.3543940161388832
1330944514,0.097441422770481,-15.785704761393315,-1.4314949247452278
1331039632,0.13465555768974702,-10.329911718120306,-1.4948962116391618
1333329944,0.23261378842677027,-19.405551385314656,-1.5310728067615826
1335421765,0.07171676856836934,-18.475762793300266,-1.5088295578768167
1337127722,0.061149789622182926,-16.430125859675215,-1.5044509366355603
1337977174,0.1914406154146669,-25.24848461989248,-1.4129275676843707
1342002821,0.14872404690904986,-17.32055661733459,-1.389171499441339
1344464152,,,
1350652591,0.06651702765769198,-12.022146261853152,-1.6140836826375489
1355802317,0.23951237096339942,-9.346999925266484,-1.5700925953226537
1357344069,0.04502818112830392,-7.427352539114285,-1.5729700300911804
1359655294,0.17689156717279386,-17.454017880265514,-1.3109805047371177
1363081760,0.25020026180073285,-14.230417312088498,-1.4926969501097855
1363460406,0.10821646470689722,-11.7881063296926,-1.3742392924476317
1364696893,0.15449070012723962,-16.616915892386025,-1.4443342898452487
1368066038,0.20771425763449108,-17.590333995308114,-1.482614611770017
1368283774,0.14615444419700718,-18.503079166526092,-1.4083210144057379
1368491649,0.03671414847767097,-12.334321154851835,-1.4041495489207987
1368838638,0.12668634234831072,-19.390502457157623,-1.3276273053760745
1372061079,0.09939911701222719,-17.952881893385324,-1.3986338519337569
1372769687,0.11141845781952672,-20.339603498489712,-1.36295875292584
1373381256,0.18754963842173772,-20.447823691313104,-1.527667095276993
1376072974,0.240717797886062,-22.050871017988147,-1.4911644270921136
1376154642,0.20967593187354638,-17.013692585590043,-1.4846034239808925
1378397609,0.3111407758069511,-12.639523824319479,-1.4721599989871539
1379478224,0.17703307250751507,-14.480756669724279,-1.5817970359547184
1379852979,0.06219591621141447,-16.09117276408666,-1.4213718548884657
1382617925,0.15569000495760849,-25.709018806913573,-1.3474466260658111
1382872585,0.1932333134553326,-14.87345544673624,-1.479571436407992
1382938809,0.16344156565103013,-16.900183434162713,-1.4519820599726183
1383511150,0.024934425187375184,-15.632749820619187,-1.457818889306364
1384899329,,,
1385528388,0.13724693919889394,-19.01907530245778,-1.394588801528337
1385878412,0.2176927608467096,-19.000604268499856,-1.499145059291577
1386210934,0.04504295367992184,-11.83485519286592,-1.1631889021728306
1386408528,0.1231486825129858,-17.04190649752863,-1.4943428795197118
1387482209,0.11387236814182208,-19.40187155235054,-1.431415166873629
1387971291,0.19456035926546839,-21.159997779263534,-1.4234021487054331
1389533759,0.22101811827379952,-26.09229036080399,-1.5173711520130229
1390779385,0.15824641342198417,-19.383441746286202,-1.3927087267885803
1395083533,0.15438342943210118,-13.525552373782743,-1.521033675204617
1395490278,0.049494296784845605,-12.263930145387867,-1.3272857319515852
1396331739,0.12281098342439237,-20.870615115921748,-1.5230499612034156
1396958999,0.11534663974726635,-23.799704270437307,-1.5921605693321528
1397862584,0.07359608328611472,-19.541309706741583,-1.4757835884405393
1398121404,0.12793684776582062,-23.585099702565536,-1.517721839890564
1399209155,0.26587504813410806,-13.196219480912692,-1.559262121223955
1400484829,0.2648617468653646,-13.91705753894982,-1.413774353316779
1405878409,0.1626953324136758,-21.80861040513948,-1.4194873522322196
1406103239,0.13185107995135434,-24.923056721290475,-1.5224244524208221
1407773790,0.06346397499877732,-15.904680753814887,-1.3446899942082078
1411608193,0.1241673179711267,-17.136623570310263,-1.4562412903606636
1411664694,0.07531401257834597,-16.327288001287947,-1.4802638434368585
1411871630,0.06350766241694204,-23.38717790872326,-1.533692854553589
1412854008,0.13759440608828477,-16.37162564707394,-1.4748124989082958
1415094678,0.10667204186051384,-19.392598100235602,-1.4753499613126153
1415545409,0.12020990288731216,-26.03017492762225,-1.4181939285956158
1416454081,0.27397823688625966,-25.238953694184744,-1.58962152758827
1421815383,0.42740081646371736,-19.40824169638219,-1.4048683887094855
1422193783,0.1518802124428624,-17.133445095618892,-1.4554762788097637
1428073919,0.07548423302034475,-19.30482244755171,-1.4286453071311351
1428519085,0.16383640276602726,-17.44057657685368,-1.5943176756056023
1430382857,0.08587083795058476,-15.221076507528345,-1.459756298363398
1430514086,0.095510565293985,-17.917035242976002,-1.4728435084956981
1435902360,0.120233635335627,-12.6664334316718,-1.6848964999636893
1439436645,0.21343858839859794,-14.528186835816724,-1.607887111500553
1439681433,0.029989125812743895,-18.000878331085588,-1.3494104552146493
1442343600,0.13879025642193552,-13.776217262071224,-1.4810248439730347
1444656051,0.0923150690666535,-13.97077780486969,-1.448629216292379
1445008726,0.08472053853153998,-13.429185181916461,-1.4805402770734415
1445110601,0.13792547793446128,-24.124126893552226,-1.4650420123631074
1446622795,0.054557919615430384,-16.130029125794938,-1.4928597909154964
1446810235,0.2131252779410483,-13.083887946110387,-1.866214744536778
1449059195,0.16500635771307862,-24.27777835068077,-1.3509018618752078
1449153965,0.06398280532060345,-13.773048024718866,-1.3816479219680016
1449949007,0.23543794641648694,-14.578421288853281,-1.5616263367586527
1450514755,0.11650728008265071,-15.064469327898987,-1.4679548002519076
1455145991,0.14443367911670182,-21.10115465500876,-1.4045465324202053
1456440216,0.11443739202046135,-18.46489660587775,-1.3616568744529998
1456440237,0.09434638486838944,-18.421643098443056,-1.5916151814843544
1459401448,0.18790553701215174,-21.343525856837722,-1.4340818141171114
1459548309,0.14710279966991363,-15.86869001126706,-1.4437009001047947
1462758973,0.22769156319567024,-23.569391600771944,-1.6006995031345264
1462777849,0.06940921633621716,-15.90477962226032,-1.3647523912390076
1463038502,0.026300976575032796,-11.402604385388395,-1.3575329495552808
1463381366,0.20276459248682194,-18.071356200184237,-1.5413798417090152
1464229074,0.15855789502669662,-22.066770275338975,-1.4637305987208677
1468782453,0.08591015209349642,-23.394797254529067,-1.443741462911287
1470195445,0.16878710454184498,-15.753509110845464,-1.3737615879477023
1471704050,0.15261621012957663,-18.16073957734107,-1.4905801287570066
1472578245,0.12450480395785045,-17.862501772939563,-1.4094234515330337
1473633954,0.16061963930779988,-14.051925743841787,-1.3920434787722598
1474704456,0.10930434811165794,-15.433184444860313,-1.4354949991793906
1476523217,0.17017412320375486,-18.046754489134937,-1.472284006346865
1478341393,0.09449370719003436,-20.766441338722956,-1.3795476145509238
1479357668,0.11568912620442753,-22.36788025829227,-1.4622718992030397
1480240568,0.09784273803301088,-13.402523988788264,-1.4870012619584605
1482307109,0.11954693403930708,-21.305140212396708,-1.4147967937815664
1485641700,0.06062217227428152,-13.962442153358536,-1.3632471611554569
1490259976,0.08442464683351121,-13.971715863621515,-1.3472849123386768
1491240191,0.039328949668464466,-22.05519936379628,-1.4415136207752595
1494816547,0.3484495890769541,-14.636289563831397,-1.2408922379420437
1498325618,0.17607197434802263,-17.177252810612835,-1.449419330525049
1498449306,0.20182947226133824,-16.114993909475054,-1.4047208860607057
1499918819,0.15815531616744918,-16.70296975552237,-1.443248218596171
1500107795,0.07018294063768139,-19.395800294823715,-1.4399524459942437
1500963770,0.0,-12.410059519266875,-1.4925189593468469
1501213623,0.10724092920082824,-17.551981693743176,-1.4543439075228433
1503523766,0.059504414399269144,-15.669017862927877,-1.468805389583493
1508650785,0.09038674115053838,-17.438963709536807,-1.2840636254274154
1509685726,0.07900539982191844,-17.29110778841048,-1.4759153409265222
1510850591,0.10280287616552998,-17.820643345388362,-1.4261128789376833
1511680402,0.2771937706976242,-24.198063731771775,-1.5064033261784913
1513076599,0.08441053923389695,-16.120256740285964,-1.4983672761212996
1514504165,0.11541333736769982,-14.608856184473641,-1.4959527796390415
1516103432,0.19453367683815803,-18.63139525454951,-1.3797133075249268
1517244621,0.1342883330408003,-6.518408423598341,-1.9243140220793251
1518363218,0.17333852292275945,-21.207941304714183,-1.5707981403862061
1518805960,0.2432986606965641,-19.999159678922997,-1.3696141647277467
1519567973,0.06411305419496138,-13.978571606755839,-1.478991648252886
1520617288,0.08502619995238585,-17.30231678221667,-1.5010301959670975
1521325924,0.17314508675519688,-13.584402089594255,-1.3865120102612447
1522578280,0.05384191825010624,-13.407453932040184,-1.3889574993618106
1522910547,0.13293370934808718,-16.292988186321338,-1.3415679610947715
1529567575,0.20726547939967568,-17.964820699688843,-1.62955265390963
1530169023,0.10882939299214206,-14.434348109945626,-1.3615121125243264
1530503133,0.13650499638803817,-16.246992854561032,-1.3533079859236619
1530534382,0.13415521450385384,-22.382665070679145,-1.2648298097336899
1530862298,0.11125561167971038,-14.181655312994875,-1.2807093956997222
1534331986,0.07065998024674361,-19.47563788601798,-1.4008209196137105
1545752791,0.09016240302041906,-20.010731899625107,-1.347149747517845
1547997912,0.12842075294045724,-21.09745992643444,-1.4974252893516582
1549757126,0.13796078019394475,-22.84159975533617,-1.6022308274757573
1552898576,0.05099462271289669,-19.835260680475955,-1.4752621327433972
1553501371,0.2085960695718999,-17.789266407906183,-1.445875945852846
1554227549,0.0,-16.672869157008467,-1.6533641147114895
1556915477,0.13340329354108518,-12.34692141865904,-1.467118964698929
1558853556,0.15020651185504907,-14.086086705617959,-1.3510677849937789
1561029036,0.17175246174822562,-15.88582787311954,-1.4833532612551563
1561672970,0.09358911459482633,-11.580256531993722,-1.3860459194872758
1564274271,0.040344011495588986,-20.902583780740812,-1.528430148544428
1567092234,0.17092063410088598,-19.99386177979248,-1.4550053322663277
1567240818,0.13493195543895556,-11.930211586890586,-1.4866496088367709
1568911909,0.16968843949842652,-21.701303551248238,-1.468624933495951
1569215029,0.03733182849743745,-14.311495301873979,-1.370889472217681
1569435575,0.22760843358657235,-14.001533774527292,-1.5617057744471057
1570095585,0.21429515140431643,-18.54097342917483,-1.4428751805520823
1572123970,0.11106061629290236,-18.47600110712731,-1.5075833938953127
1572503930,0.19540236596077934,-23.678525825887498,-1.5559271853904058
1572848974,0.16434405893275694,-14.115316706461147,-1.4283457101256147
1575178958,0.11486986891758058,-18.36522285150406,-1.4636768537944915
1576613427,0.19524179239304024,-18.307684127184515,-1.6237624606489038
1578980405,0.18095917578252854,-18.73564302777465,-1.3091914828313227
1579665952,0.17267190148580497,-19.757423773874415,-1.488372987428727
1582078847,0.11129659750649558,-19.28328304692543,-1.363246719915586
1584269103,0.17558577202574802,-17.18081874045931,-1.4861519203441436
1585086014,0.2758350543169701,-22.94903219403499,-1.3634555971452682
1590925191,0.17940430039039082,-16.049571951395514,-1.5227661875794514
1591479914,0.15563634621496408,-20.59897043137272,-1.4369076508752547
1593568392,0.07201126491981945,-9.956184000648893,-1.248992933543691
1595389419,0.05939962542825936,-18.36794327557793,-1.3688407930198447
1596194094,0.15819242059002098,-18.239656151272236,-1.5633998272041618
1599194608,0.12965648857001458,-19.132709853336628,-1.4477680495521756
1599925847,0.21434269408876358,-28.468345066457807,-1.491948320463218
1603043240,0.06385097088863617,-26.074009123960238,-1.4788813114456407
1603313244,0.15802800950313503,-18.568719062926203,-1.4815610820534995
1605417958,0.21899872705801007,-18.027430814099493,-1.4970499677878117
1605611263,0.05916017012331874,-21.35701811290084,-1.4530865598895544
1606430913,0.20365204543189117,-13.863110960015575,-1.3974435530663982
1607441196,0.05686284722664779,-14.703869940722331,-1.4157969860196997
1607802982,0.18630052407445014,-18.197031435335102,-1.4975641315233175
1608698886,0.07029396084593657,-14.928655046379237,-1.3053091261010894
1608781114,0.07532315956308641,-13.765170322344801,-1.393549637335243
1609230101,0.08383573366736961,-21.223383472454266,-1.4876864339334197
1609423914,0.1833940987657182,-21.234070290070832,-1.3491926132806227
1617384806,0.08682358139609431,-23.062451939375492,-1.4018535012286575
1617901580,0.6540794856712383,-21.128122503424656,-1.8469580820221958
1622328784,0.19314937066599627,-20.81933237582717,-1.49782804913972
1623581738,0.2304198032806325,-14.947148628250039,-1.402075710998658
1626880018,0.21215378638769272,-18.53718044346325,-1.6918730772882982
1628284626,0.10710371429883081,-18.0348360516583,-1.4615792263607355
1628689411,0.08026315789473684,-20.43215027872747,-1.621492492559664
1629779237,0.12759060302003886,-17.03444258766944,-1.4615307619463844
1630292080,0.09252397325254494,-15.887220769139132,-1.3757062763194279
1631261442,0.14795590162207445,-12.540288686029253,-1.3921376579119336
1631266354,0.14459627653041365,-21.441600205409884,-1.4818677739579242
1633403311,0.1033902119574281,-18.690506337451815,-1.4968472554125656
1634081421,0.22165376838986506,-22.77309391682838,-1.54606331338577
1634227900,0.11019750472669618,-9.660574060320648,-1.5537432352000755
1634883770,0.11717570197582343,-12.918483658757271,-1.397225846470995
1638827697,0.2014819672960977,-17.89862037396154,-1.3680210365877274
1642074097,0.12011529384297284,-12.293305532352905,-1.419410400957648
1643475648,0.14329141121374203,-13.017923235297872,-1.3991334076633621
1645625994,0.24012845889862303,-21.563841377362856,-1.6286641433207645
1645843149,0.08444004409451858,-16.586642159988923,-1.4749157824333574
1647243928,0.09585397831316833,-14.203965541462722,-1.3263080662755045
1647256973,0.1167868932688701,-16.94283815765604,-1.3215937573992456
1649933171,0.23747215129329324,-41.92568499862049,-1.4281973139742399
1650658202,0.09821869168935382,-21.77689831341889,-1.3960894754187956
1650977754,0.05483446873836801,-16.19079898886745,-1.4952449085090338
1654614622,0.14466306949355326,-14.348465383878882,-1.4477338555944594
1654925852,0.0,-21.73478799706286,-1.3466792306707802
1655254394,0.10469225851786021,-8.672137376329342,-1.477751541524042
1657652400,0.17075003145083895,-15.509936653221619,-1.3881146991714988
1657835725,0.27486639060489226,-13.526925369434672,-1.7997896069847896
1660601088,0.0914314769171392,-18.794663511776427,-1.39876338165891
1662532690,0.12876540802689612,-16.387689798010125,-1.4274841546784405
1664023542,0.08398438164485957,-16.79849847052354,-1.5522489819778922
1666943006,0.18115642429515655,-19.029453792998822,-1.4692634167660328
1669195373,0.2151044903185588,-22.175461937338483,-1.546463898360017
1669933836,0.11431296195036522,-20.750169924891807,-1.419437548181212
1671198477,0.35958685574089233,-18.98654984216985,-1.5038112925342382
1671569288,0.1430149993079317,-21.21955135864966,-1.4510668494714138
1673292268,0.09781742049749761,-20.64663475900385,-1.2722111694439908
1673348818,0.13169804690346362,-19.41492294973445,-1.7709434619237552
1675666711,0.11077450585544,-18.895275814879056,-1.3942335045867649
1677433358,0.1742749861032772,-18.410080262314104,-1.441611347735672
1678016982,0.13880732123742662,-11.466893733933498,-1.3234365927460636
1678259705,0.2956278995864601,-24.927787142776943,-1.4874782115510836
1678272547,0.12031997884973641,-11.28543611781525,-1.4976181500903223
1678288604,0.06420004372101694,-17.92339927205532,-1.3321608077780411
1679161966,0.12138727191300072,-13.566855723833479,-1.5409199390826496
1680193786,0.26438638759293465,-20.238646772043623,-1.3169083628061773
1683781890,0.12030998401268192,-20.42217312448688,-1.4162994058231106
1687074130,0.13597782863591043,-16.246308704133767,-1.5498091357103836
1687927826,0.10311355145828235,-24.1388236078959,-1.6269198114536292
1687980255,0.13599723394603327,-9.078029053434381,-1.3232088063308667
1690656630,0.0776159146204772,-17.37449800332729,-1.4508420338506955
1691438478,0.09935035998561427,-13.784424810916269,-1.3681094410322485
1694136582,0.47786287623084267,-19.411679049612495,-1.4337237958721258
1696039406,0.196885408419872,-22.158550731679192,-1.5775886423802563
1698232536,0.3852173496365252,-13.799352950668776,-1.5828122486785818
1699038054,0.20078623660049397,-13.93072398591238,-1.5134219414497703
1700778916,0.08514805459526546,-15.786009316927572,-1.4301514015000252
1702382939,0.16574665440012995,-20.421683017785178,-1.439420137554962
1702433350,0.13576428286959136,-24.37302078650127,-1.4081385807800813
1703568632,0.05197799854555234,-18.07656380253485,-1.3398593835976274
1706464024,0.06638853696342517,-9.718459146603005,-1.9544737491516522
1706543577,0.17726806706062437,-18.074510790149546,-1.6606784258556175
1707039256,0.06306307495329715,-9.553079647782155,-1.3709565860929855
1708333019,0.045043062103858125,-18.176750821505614,-1.4096121009289804
1711133123,0.07426126598425795,-13.940209153313555,-1.379336909987977
1711151107,0.12073304982535893,-12.06931527822235,-1.2725056099507306
1712557874,0.18291769704159277,-18.867679203380334,-1.4068408206182372
1715285144,0.060835567084803754,-12.620151240980157,-1.4525694694796054
1718010666,0.11671798004199002,-18.349326578259987,-1.4179404503331565
1719597782,0.13217328757886848,-10.231630873183002,-1.623253328459585
1719615180,0.2560884191617506,-9.39824874814184,-1.6135574182931522
1719638693,0.09467372265715898,-13.270762938551478,-1.5767724621710233
1723886469,0.18495785639560772,-14.675544602407363,-1.3797133339884127
1725602365,0.15150295683813245,-17.885027269959714,-1.4930869927654196
1728248408,0.12701015079971262,-9.727829248445293,-1.4757039972440444
1728392146,0.09937255969329627,-13.51298582504371,-1.3976743618204337
1730249859,0.12738213536954254,-16.477884291738867,-1.4729509462838084
1731192990,0.20872718537770943,-21.161192542856103,-1.4907207188760723
1732659923,0.12165398599085503,-14.714056620878583,-1.368063959044247
1733386184,0.08917012623360789,-13.452096217703296,-1.3226682503585607
1733474350,0.023381516117950318,-9.201121823381596,-1.5716544425550463
1740184738,0.047215842251088866,-16.7628696230671,-1.33102603740145
1742259237,0.15321938549283656,-17.67860487487635,-1.3542200388806576
1742307313,0.08112436472267694,-17.132124048771193,-1.3833047043383613
1744580967,0.14552375672941184,-17.315884642822947,-1.431105862658595
1745489029,0.13805379002985188,-13.217117553436696,-1.4776482209618749
1745668833,0.19650111424865035,-16.361706103263625,-1.3651822997131928
1747209861,0.13888911965218673,-11.2197627760848,-1.455912345062605
1751158643,0.1181357029176396,-21.844227489308533,-1.4616891013346773
1751878707,0.1184799406904301,-15.448201855771092,-1.6393627096827836
1752840966,0.09575790959293144,-14.706322416481282,-1.3738197679807724
1755806857,0.1660052054826684,-14.15834940100184,-1.4372984615446345
1756325772,0.1196580874172538,-16.95071202901913,-1.3902269515421222
1757427487,0.23845391238805863,-24.343718215269682,-1.430095783395117
1759249719,0.1412266633996154,-14.833302565903221,-1.5802157716308933
1761347046,0.23042707222950964,-18.413986092755415,-1.4469689762960651
1762514204,0.33480780203012517,-24.918359954995456,-1.6092826782409924
1766880552,0.12597978578949065,-13.105128617271543,-1.5566380212292397
1768675491,0.10490791646158158,-17.337057286888786,-1.3610677431527944
1769008457,0.15704608754618093,-21.085904250624953,-1.4498317488457149
1770970067,0.0655027003050922,-21.722823172486052,-1.478751030941788
1773200572,0.1272550053267586,-16.71513309899281,-1.3500159318231046
1775385239,0.15589671797876486,-28.795763127868565,-1.4898167117009748
1779116357,0.0866463189944705,-12.976561349111265,-1.4363434764917073
1780194423,0.14060859284370397,-14.268626775970338,-1.4019228002554356
1782430537,0.06479018817850822,-22.330026487899794,-1.4370133293317635
1782554317,0.08899922532695294,-13.884633218165344,-1.2955323042422593
1783094771,0.1419881475351108,-13.120946388812186,-1.3514465822717812
1784741525,0.1667186959342994,-21.746515762129746,-1.3418510643524757
1785144493,0.14595756379069819,-12.277675224449272,-1.4930491986254018
1785313301,0.10084313513623902,-15.32753643610287,-1.510974333059313
1786820301,0.09463290654855047,-16.9437284828341,-1.4334902671826795
1787803551,0.08355969007704124,-17.623911457673138,-1.3700285866212074
1787971948,0.1867327529716642,-15.449616888418934,-1.528179439013028
1789702414,0.05862683436252815,-16.662819510407463,-1.3271783400215746
1789748050,0.1585487432728504,-25.00224108551203,-1.3496153271138547
1795488952,0.14676585165835265,-21.70015152433887,-1.360700237925879
1798622226,0.11565792601984878,-12.302901608342172,-1.6609371102288113
1801548992,0.15481737931583983,-4.376005820635781,-2.1463415654195512
1802592716,0.23214810973788824,-20.481010370177135,-1.5004587233941373
1804145291,0.29999920882425823,-15.184112548729384,-1.4102080314641723
1806538417,0.059051611514425555,-11.571936826629909,-1.4101402652555481
1807167912,0.1891960095869692,-14.727327607083588,-1.4523405997037167
1807283453,0.08443160023980396,-14.875245976543955,-1.504556086624069
1809026660,0.0740352823992803,-17.80463242460109,-1.3904705337812915
1810384635,0.31824177557577976,-17.05286276278784,-1.6249310416943272
1811012107,0.1362678510256766,-26.35917319414691,-1.3365469595271593
1811282576,0.09878807186470845,-15.986328404544789,-1.59401252852726
1812075920,0.09662802750494387,-13.923221690790562,-1.4678139388589377
1812496903,0.13220193060695234,-14.64456437705659,-1.3870083129482078
1814270278,0.15756571035158531,-13.18448012516906,-1.3726943409504773
1814875409,0.036601307189542485,-9.17900237604624,-1.9467489062571008
1815046475,0.09696803375746461,-22.94742782458602,-1.3444389477919851
1816249878,0.09392513439101557,-10.824327254383267,-1.5190908590098506
1817224829,0.04330898727674799,-15.22372496039366,-1.3810296845503238
1817855455,0.0,-28.771021074533774,-1.4459156709462968
1817997028,0.20574944939153952,-22.6065619136416,-1.5009778178019502
1818960825,0.15916585150088355,-15.526488729430906,-1.3516319734479998
1819124506,0.10758294481907127,-18.741164859642677,-1.4663020531200939
1819261317,0.15929286804169243,-18.200888069915678,-1.596293275314479
1820340563,0.18745233315660756,-16.364958943090873,-1.492497340343504
1821926377,0.10595284318558537,-17.0664987802917,-1.5049873012449364
1825671906,0.06372734792980347,-24.72011858728078,-1.4550217969501884
1826085470,0.09222290376909288,-17.987315282172673,-1.4371731539710964
1830890949,0.30175377784762347,-22.236180009342714,-1.3946252260225696
1836355898,0.11980960672761794,-17.430667995575863,-1.4255515673009143
1836406450,0.1439458959703622,-14.502629750303873,-1.350165832059588
1836571396,,,
1839209419,0.14900620295700798,-18.98073728437732,-1.4327896104652007
1841546817,0.13412200844472832,-17.883112162063245,-1.5478429333067796
1841899148,0.0,-9.613713914736989,-1.3590325135777679
1842105541,0.06199688987364396,-13.294378066389346,-1.6804017052000144
1844404311,0.07927507033783433,-15.192902160200688,-1.4870212014244817
1845009060,0.21741990333246303,-24.766271500290465,-1.6456927630439415
1846064492,0.15836503466298119,-18.110528091957406,-1.5151243880329444
1846715554,0.11367470174108799,-18.24606776676022,-1.376138282296329
1849817721,0.07556308456195258,-9.345595732799039,-1.202139448346658
1852174773,0.1466725257121666,-15.380743548694241,-1.5692421997350832
1854040139,0.060196040312119406,-23.629556430004016,-1.3295723812033051
1855678997,0.06337120875161224,-25.158494280983764,-1.3727677234615903
1855771011,0.18024997095431428,-15.998092509635102,-1.5158039990062329
1857714417,0.20579477753607273,-26.78107066598313,-1.4189477389568257
1859070850,0.09918330286683899,-17.818933166533817,-1.4816563932904045
1860526139,0.16513485830009292,-14.310778975331484,-1.4738822851260838
1863355750,0.05023135128740411,-21.911471143765368,-1.4322442906035433
1864927391,0.09825415519904909,-16.005720636644497,-1.4960027026829703
1864936571,0.2559362912417753,-20.682187811805306,-1.336403742784026
1869161259,0.12004713285393165,-21.019397917959523,-1.4577010058949118
1870180244,0.09843038144795278,-15.205659857235982,-1.380952264564162
1870617688,0.06523369758062017,-14.75702313198181,-1.4579462823294034
1870854879,0.1235892802151983,-25.129121522736472,-1.515932326414842
1873877762,0.058479125748651696,-17.564167129965817,-1.4441296094362828
1875966217,0.17256691287339543,-17.567079008993606,-1.4514699761262797
1875975069,0.06331905382464897,-19.097131051921348,-1.4060717993044345
1877182909,0.2205632257737929,-17.952812348305496,-1.4723257998922525
1882236815,0.10248588163521591,-16.501610672438762,-1.4239942091808868
1882363706,0.10272046034456689,-11.514478465138023,-1.784444364727918
1883263694,0.11606980631005377,-17.788450309957184,-1.5268295595204406
1884364041,0.19122714689059828,-18.792155872597494,-1.351669043653384
1884678356,0.09980746642091898,-13.172408099130621,-1.5314094869885757
1886456076,0.17044448068688553,-22.292555878231703,-1.5576944149394871
1887101121,0.12510207250373923,-19.05314350334831,-1.360290125708038
1887616018,0.11555784230470759,-13.82627502287849,-1.3921157673113669
1889075304,0.17198590885037232,-18.801833653151853,-1.4547676413451227
1889587161,0.2708463548506749,-10.87131107587123,-1.4745352521283894
1891060990,0.09980491026282007,-21.222221998498107,-1.387260298084647
1892647059,0.11452325172308128,-2.0561902047651692,-1.4935559384390775
1893266489,0.1990074764485617,-15.53391754281922,-1.5154034739011095
1893505735,0.10602193517902236,-18.340197494078893,-1.3085159093476537
1894702790,0.11137247536120956,-20.741471991015132,-1.5067394032566945
1898172952,0.12170752505343654,-15.929838491555621,-1.4850929208998678
1898581772,0.07384581322757852,-20.72234210818148,-1.4688025721634435
1899270318,0.10300037536395121,-19.94247738560155,-1.330335006242169
1900426860,0.08230742133166648,-13.465275370871161,-1.6828208323921177
1900814819,0.17284379918842532,-22.69577066252565,-1.2959457716354827
1900816902,0.14623488488137437,-16.52852676192304,-1.4213510114611378
1900837849,0.14927806036873484,-16.10491289441906,-1.5383130653380181
1901668013,0.2333840747578576,-14.280628447415197,-1.4687103522895693
1905725053,0.18107884135533042,-23.129293441938763,-1.3021745834065392
1907864178,0.15867958877498226,-17.494544351159906,-1.6274622658735765
1908227498,0.16123143722097272,-22.8306412725676,-1.4461424481132763
1909070815,0.07694427190999917,-11.535731779166408,-1.6046930302795066
1912021570,0.15891244454959572,-20.975734111794267,-1.2362395690729542
1913689719,0.09744477829373925,-16.764527520327086,-1.4113609634153987
1915325046,0.13587729524921688,-19.91226470115624,-1.4685322034637904
1916772016,0.079689621626571,-16.596015624439545,-1.3487525802014462
1917046283,0.10612183450026999,-14.246158728807949,-1.4070221572789732
1919243566,0.09529282333551613,-14.959044489949537,-1.4800378161816377
1921115303,0.12904383984888368,-17.954217970514982,-1.3549816135344384
1921912810,0.1480291045673917,-14.700416108349746,-1.3697267196791578
1922771973,0.27363116101161444,-23.619039799551125,-1.5253293901016367
1923247590,0.14104641559065798,-18.108508793738952,-1.348541335392117
1923524629,0.22046289014930756,-16.55390297637657,-1.3193612529445629
1924404144,0.14426954087778232,-20.0199770642858,-1.44833374478207
1927861366,0.13734329066316414,-15.77814693805639,-1.462826937307683
1928512274,0.05175544136481104,-16.179182149189984,-1.3989404753965184
1929508597,0.06314145473699252,-22.574779900166448,-1.3260331720986895
1930072557,0.06856456339004265,-13.363990864083817,-1.3335170545279722
1931244133,0.14944228927377343,-19.644700851982233,-1.37006672252512
1931403682,0.11509148301504664,-13.796001151989334,-1.2735384554976634
1932208823,0.11573327514976219,-11.068761093888925,-1.5650512514903525
1933266450,0.12429875838133961,-14.981504940506657,-1.5679817854364033
1933287483,0.12850568076850116,-20.192376467379866,-1.5075663849312413
1936746567,0.09766708819958748,-19.601504487629157,-1.603740183954454
1937819526,0.1394531626890664,-12.624019676789512,-1.2630123584378317
1938540968,0.24895935283433965,-18.06330254826326,-1.4543552509963935
1938968339,0.0436833872371922,-14.012019236498546,-1.4164298736419025
1939169094,0.197376511815948,-18.118862971020572,-1.4280329420643048
1939819597,0.03683327880038774,-17.59454043565041,-1.5008577357760362
1947059637,0.3851215445192563,-22.612290008746797,-1.4145811867397529
1947182571,0.17250980584805697,-22.636939689761277,-1.5102490982844305
1949414571,0.09312355467260329,-16.835706733750644,-1.38818575398756
1949480953,0.18032645506370937,-11.874144507197588,-1.3349979550880469
1949809528,0.16619424220017748,-16.36160105502355,-1.45145473805111
1951549332,0.10931507035261595,-13.85072342845806,-1.4529859159275933
1951658552,0.057049026460287484,-23.13726563603793,-1.519841580383898
1953308526,0.16966105493257216,-17.306612687366517,-1.6699782553594738
1953318219,0.038362139742392304,-20.347557616203577,-1.4521513920232516
1953778101,0.10277128716803102,-18.541603653746144,-1.3047476562658202
1954272696,0.11582956902685697,-16.862241903769593,-1.5065273426606336
1954426016,0.17982118810677256,-18.50412360393483,-1.3590102870673748
1954455169,0.12765264146674818,-22.883150236908484,-1.4532857872321254
1955535265,0.24167287995205078,-21.361375005751878,-1.5373243416332518
1956773949,0.12844846634198157,-18.902464585897057,-1.3755269546272504
1957445097,0.21885461802887815,-24.75242389617422,-1.4762741468228378
1958070926,0.03680555555555556,-13.362637677700473,-1.2891885580843503
1960198750,0.08815951988218529,-17.002836501455835,-1.4524099758371476
1960544227,0.04143876320157149,-15.206805989396955,-1.309916256075036
1961359177,0.04252961158827728,-14.845268502113871,-1.3552315391508933
1961411275,0.10621382309260236,-18.24002817680018,-1.5482617549262785
1962239090,0.10838964644949443,-12.970396720834668,-1.3636962629199834
1965075831,0.1499691916077407,-17.560115348049003,-1.5275987628928127
1965633802,0.20233586117104715,-20.258750100849387,-1.4257175446762707
1967236689,0.27201267195112255,-10.395360722302094,-1.5394673687536802
1967964135,0.1331620477358422,-14.864638258598099,-1.3670782804205817
1969676846,0.20277867557737067,-14.10187444473264,-1.3633132724154007
1969801695,0.07288279153089257,-26.896692881693383,-1.4927440967198713
1969930619,0.15400513399842228,-15.537980655868541,-1.390944583956758
1970969241,0.09811725679230078,-15.23207636734672,-1.5174426900450948
1972132010,0.21185675333306234,-16.12896684074149,-1.4356090462539322
1972696993,0.10190168091079159,-17.11093778350029,-1.426874988903747
1975006817,0.2555384659883494,-14.90226764367732,-1.5389530869289225
1975311764,0.03531746031746032,-15.222084774724447,-1.4374161501325784
1977814873,0.27200865128939233,-17.797137417261062,-1.572861627447565
1980443412,0.10935412048714155,-6.164209106007228,-1.198582659465119
1981654275,0.13391758670878243,-19.93044699793011,-1.4724440582559177
1983966725,0.08545451158290464,-17.046694882590884,-1.3121597748289122
1986803730,0.07900092849068359,-13.341226166356616,-1.2562276670450252
1987561969,0.36353737412345066,-25.167764075588103,-1.5530078302198753
1987653749,0.10311659814039606,-21.002271379164,-1.5215357781410146
1990478529,0.07607613115970406,-25.560366306000837,-1.5151216805788454
1990651437,0.10219511116167589,-15.060064250577483,-1.4721411839674905
1992791347,0.1706469499783033,-15.64515735191164,-1.3643997890126596
1997277678,0.10680232754598434,-15.797292758890656,-1.3927316638182385
1999064110,0.1064217407208696,-13.775858082607808,-1.3242853268463732
2000189628,0.2365157831266347,-20.869066514415984,-1.5150981122235825
2000727791,0.0777132960743939,-16.843980251308313,-1.4425972397952296
2000887551,0.06441699390628515,-16.067082875072437,-1.516731324753285
2001427184,0.10676713910329784,-20.860945552824752,-1.4386464706979782
2002572767,0.1581042944991679,-14.00857971921086,-1.3961096733255005
2008575948,0.05366150225632917,-14.824752696294857,-1.3624530011324607
2010198477,0.06916060095697386,-16.554885131718738,-1.504252867560387
2010321018,0.11192609202150904,-18.153992525132107,-1.4844007066003044
2012437363,0.049963766452336765,-14.118472781403261,-1.4187935134637844
2014955198,0.10810223268178487,-15.266343750531714,-1.4189624127308196
2015460196,0.08879894844375787,-16.378637280723098,-1.5175024390467309
2022434554,0.11680859869156711,-18.815423230332282,-1.4394061231564688
2025535161,0.24188677167828965,-20.231152670522512,-1.462521434505726
2026170400,0.06033374389866613,-17.07717944609613,-1.3779239917629207
2027806717,0.13421659073716435,-15.046677886934432,-1.4670898007730542
2031452241,0.04275365654178733,-15.995172478929298,-1.3218659523331815
2032094098,0.1338168704875206,-15.860132545014157,-1.4099926151503288
2034674506,0.15211192495599288,-14.158720864625387,-1.3658561002807
2035932325,0.09594050865870268,-17.742028529799935,-1.4129573763953824
2037452624,0.15429489429238863,-18.781582509096495,-1.4618678759077297
2039138666,0.03908082716535935,-13.543281796389804,-1.2719029821684198
2039756047,0.10846822768108423,-17.844059276111224,-1.4131416600072726
2040064285,0.04541542156725415,-14.332884483199518,-1.3594116857935115
2041071550,0.1798846738147766,-19.668860140370555,-1.399534276485627
2045718488,0.09886284501918326,-13.644602046343124,-1.4429877559873916
2046553609,0.21780654527595839,-18.604728425688805,-1.489964826546557
2049536162,0.1703825264629997,-22.409206684198345,-1.4278506849770212
2056219485,0.14133440685553858,-17.11784057248534,-1.4959224971293137
2056303761,0.0976263098458466,-13.374075061395073,-1.5078282908729599
2059140610,0.09737485288903833,-9.824523134175195,-1.5165142663436397
2060140809,0.06394930640780076,-14.349693195490358,-1.3170963795412247
2060652203,0.14003114744949802,-20.01250716760712,-1.3763043646417763
2071821498,0.08189553515333133,-13.788383813752027,-1.491147623177488
2073792528,0.02215909090909091,-15.321119047378499,-1.3619261875196553
2077345462,0.10481856896165387,-15.958116287614352,-1.412042636396802
2077520712,0.10939383359429314,-17.306202368752892,-1.403723954457949
2077679924,0.16813834751150164,-19.27545614306674,-1.4405222562598299
2080072342,0.227665488960436,-19.913913266454546,-1.4535401213036148
2081751615,0.1825430171510546,-18.380040758515356,-1.5242160119365835
2082948673,0.14235428315890158,-29.227292227810775,-1.5157114244810792
2085269243,0.1863851785441355,-16.300014639128825,-1.4379890421259476
2085714899,0.10953074285064957,-16.413068394756056,-1.375215860267193
2093423404,0.1556176832665389,-21.896266958909116,-1.3924378829726463
2093556747,0.16232158665652188,-19.15758414563023,-1.3821557586603834
2095312188,0.14326945036997835,-25.75127709459928,-1.3938785269225573
2096043919,0.20174279060389189,-19.8070805120104,-1.5029799583263719
2096511798,0.0847967719162062,-25.423631181394164,-1.332641176958457
2098789121,0.06053712469370179,-11.93022083146596,-1.3500693695862125
2099056619,0.09425527892411795,-18.469010742994623,-1.4502842419741875
2100969479,0.06500639932952212,-22.63046177356259,-1.4602221533495139
2101043833,0.111895025533641,-18.913998014619406,-1.3454707736940628
2102638490,0.15771418718572724,-18.019725626860982,-1.377393751724632
2102650468,0.03257625818830743,-18.41640928924782,-1.4130798704522813
2104797992,0.06984147062527961,-14.429391203223982,-1.4429202744703389
2105089485,0.11543782291905423,-14.544437656569972,-1.6472188614338208
2105390859,0.21125982250608094,-22.857265958629252,-1.5943855768145028
2109163503,0.08522886527617848,-15.781318046414533,-1.3873666871574524
2110297303,0.06666666264960323,-22.727327620962534,-1.45897294104356
2110717348,0.12263055213160268,-26.81959776090396,-1.4983379869631839
2111146834,0.09180799663658884,-17.825276773891176,-1.3305492026044035
2113570169,0.09572579962255781,-18.159758456631156,-1.3676329796613635
2113628210,0.0993775214710629,-16.374170034821738,-1.4841181359631683
2119668339,0.0836662311197366,-18.582405069838554,-1.428551422264569
2121858774,0.02642294312894212,-26.93344124796111,-1.3140313575181521
2123536183,0.11003091545722331,-15.473788411968687,-1.4779580037436677
2125004157,0.1434572638784545,-19.232973266008827,-1.364725976584171
2126424841,0.12291983994146134,-23.134366066610333,-1.4098000699187532
2126939137,0.10529505654478633,-17.870621193000286,-1.4336674829121272
2128904621,0.05878956844483101,-18.82866164681109,-1.4423608285380982
2129262204,0.1258572855030655,-14.9843862474039,-1.4374614318138168
2130745469,0.15510380402063326,-17.212050329610495,-1.4463657612746978
2133376375,0.08131023866605706,-13.286058429205799,-1.4270668580967345
2134690842,0.1479940809601214,-20.404783487798433,-1.4219173088801127
2134722184,0.0972860798984023,-16.776807948452507,-1.3793075101487258
2140130252,0.06766410968966319,-18.169720637963508,-1.4466555820161875
2140751876,0.11357159098234587,-16.187613595816295,-1.5218470172887102
2141748521,0.09104805141403749,-18.083855295118823,-1.4765720917847647
2142636009,0.12330061653301362,-10.946374707536155,-1.3083926966240351
2144605099,0.11396553196764589,-17.066615647568003,-1.5433157287536088
2146175110,0.10620104510069964,-15.302510421216052,-1.4076962827015855
2147007751,0.11546601332195502,-17.95788820006376,-1.4198915099347136
